person_source_value	meets_any_7_90_within_90d_index
DEMO_00001	1
DEMO_00002	1
DEMO_00003	1
DEMO_00004	1
DEMO_00005	1
DEMO_00006	1
DEMO_00007	1
DEMO_00008	1
DEMO_00009	1
DEMO_00010	1
DEMO_00011	1
DEMO_00012	1
DEMO_00013	1
DEMO_00014	1
DEMO_00015	1
DEMO_00016	1
DEMO_00017	1
DEMO_00018	1
DEMO_00019	1
DEMO_00020	1
DEMO_00021	1
DEMO_00022	1
DEMO_00023	1
DEMO_00024	1
DEMO_00025	1
DEMO_00026	1
DEMO_00027	1
DEMO_00028	1
DEMO_00029	1
DEMO_00030	1
DEMO_00031	1
DEMO_00032	1
DEMO_00033	1
DEMO_00034	1
DEMO_00035	1
DEMO_00036	1
DEMO_00037	1
DEMO_00038	1
DEMO_00039	1
DEMO_00040	1
DEMO_00041	1
DEMO_00042	1
DEMO_00043	1
DEMO_00044	1
DEMO_00045	1
DEMO_00046	1
DEMO_00047	1
DEMO_00048	1
DEMO_00049	1
DEMO_00050	1
DEMO_00051	1
DEMO_00052	1
DEMO_00053	1
DEMO_00054	1
DEMO_00055	1
DEMO_00056	1
DEMO_00057	1
DEMO_00058	1
DEMO_00059	1
DEMO_00060	1
DEMO_00061	1
DEMO_00062	1
DEMO_00063	1
DEMO_00064	1
DEMO_00065	1
DEMO_00066	1
DEMO_00067	1
DEMO_00068	1
DEMO_00069	1
DEMO_00070	1
DEMO_00071	1
DEMO_00072	1
DEMO_00073	1
DEMO_00074	1
DEMO_00075	1
DEMO_00076	1
DEMO_00077	1
DEMO_00078	1
DEMO_00079	1
DEMO_00080	1
DEMO_00081	1
DEMO_00082	1
DEMO_00083	1
DEMO_00084	1
DEMO_00085	1
DEMO_00086	1
DEMO_00087	1
DEMO_00088	1
DEMO_00089	1
DEMO_00090	1
DEMO_00091	1
DEMO_00092	1
DEMO_00093	1
DEMO_00094	1
DEMO_00095	1
DEMO_00096	1
DEMO_00097	1
DEMO_00098	1
DEMO_00099	1
DEMO_00100	1
DEMO_00101	1
DEMO_00102	1
DEMO_00103	1
DEMO_00104	1
DEMO_00105	1
DEMO_00106	1
DEMO_00107	1
DEMO_00108	1
DEMO_00109	1
DEMO_00110	1
DEMO_00111	1
DEMO_00112	1
DEMO_00113	1
DEMO_00114	1
DEMO_00115	1
DEMO_00116	1
DEMO_00117	1
DEMO_00118	1
DEMO_00119	1
DEMO_00120	1
DEMO_00121	1
DEMO_00122	1
DEMO_00123	1
DEMO_00124	1
DEMO_00125	1
DEMO_00126	1
DEMO_00127	1
DEMO_00128	1
DEMO_00129	1
DEMO_00130	1
DEMO_00131	1
DEMO_00132	1
DEMO_00133	1
DEMO_00134	1
DEMO_00135	1
DEMO_00136	1
DEMO_00137	1
DEMO_00138	1
DEMO_00139	1
DEMO_00140	1
DEMO_00141	1
DEMO_00142	1
DEMO_00143	1
DEMO_00144	1
DEMO_00145	1
DEMO_00146	1
DEMO_00147	1
DEMO_00148	1
DEMO_00149	1
DEMO_00150	1
DEMO_00151	1
DEMO_00152	1
DEMO_00153	1
DEMO_00154	1
DEMO_00155	1
DEMO_00156	1
DEMO_00157	1
DEMO_00158	1
DEMO_00159	1
DEMO_00160	1
DEMO_00161	1
DEMO_00162	1
DEMO_00163	1
DEMO_00164	1
DEMO_00165	1
DEMO_00166	1
DEMO_00167	1
DEMO_00168	1
DEMO_00169	1
DEMO_00170	1
DEMO_00171	1
DEMO_00172	1
DEMO_00173	1
DEMO_00174	1
DEMO_00175	1
DEMO_00176	1
DEMO_00177	1
DEMO_00178	1
DEMO_00179	1
DEMO_00180	1
DEMO_00181	1
DEMO_00182	1
DEMO_00183	1
DEMO_00184	1
DEMO_00185	1
DEMO_00186	1
DEMO_00187	1
DEMO_00188	1
DEMO_00189	1
DEMO_00190	1
DEMO_00191	1
DEMO_00192	1
DEMO_00193	1
DEMO_00194	1
DEMO_00195	1
DEMO_00196	1
DEMO_00197	1
DEMO_00198	1
DEMO_00199	1
DEMO_00200	1
DEMO_00201	1
DEMO_00202	1
DEMO_00203	1
DEMO_00204	1
DEMO_00205	1
DEMO_00206	1
DEMO_00207	1
DEMO_00208	1
DEMO_00209	1
DEMO_00210	1
DEMO_00211	1
DEMO_00212	1
DEMO_00213	1
DEMO_00214	1
DEMO_00215	1
DEMO_00216	1
DEMO_00217	1
DEMO_00218	1
DEMO_00219	1
DEMO_00220	1
DEMO_00221	1
DEMO_00222	1
DEMO_00223	1
DEMO_00224	1
DEMO_00225	1
DEMO_00226	1
DEMO_00227	1
DEMO_00228	1
DEMO_00229	1
DEMO_00230	1
DEMO_00231	1
DEMO_00232	1
DEMO_00233	1
DEMO_00234	1
DEMO_00235	1
DEMO_00236	1
DEMO_00237	1
DEMO_00238	1
DEMO_00239	1
DEMO_00240	1
DEMO_00241	1
DEMO_00242	1
DEMO_00243	1
DEMO_00244	1
DEMO_00245	1
DEMO_00246	1
DEMO_00247	1
DEMO_00248	1
DEMO_00249	1
DEMO_00250	1
DEMO_00251	1
DEMO_00252	1
DEMO_00253	1
DEMO_00254	1
DEMO_00255	1
DEMO_00256	1
DEMO_00257	1
DEMO_00258	1
DEMO_00259	1
DEMO_00260	1
DEMO_00261	1
DEMO_00262	1
DEMO_00263	1
DEMO_00264	1
DEMO_00265	1
DEMO_00266	1
DEMO_00267	1
DEMO_00268	1
DEMO_00269	1
DEMO_00270	1
DEMO_00271	1
DEMO_00272	1
DEMO_00273	1
DEMO_00274	1
DEMO_00275	1
DEMO_00276	1
DEMO_00277	1
DEMO_00278	1
DEMO_00279	1
DEMO_00280	1
DEMO_00281	1
DEMO_00282	1
DEMO_00283	1
DEMO_00284	1
DEMO_00285	1
DEMO_00286	1
DEMO_00287	1
DEMO_00288	1
DEMO_00289	1
DEMO_00290	1
DEMO_00291	1
DEMO_00292	1
DEMO_00293	1
DEMO_00294	1
DEMO_00295	1
DEMO_00296	1
DEMO_00297	1
DEMO_00298	1
DEMO_00299	1
DEMO_00300	1
DEMO_00301	1
DEMO_00302	1
DEMO_00303	1
DEMO_00304	1
DEMO_00305	1
DEMO_00306	1
DEMO_00307	1
DEMO_00308	1
DEMO_00309	1
DEMO_00310	1
DEMO_00311	1
DEMO_00312	1
DEMO_00313	1
DEMO_00314	1
DEMO_00315	1
DEMO_00316	1
DEMO_00317	1
DEMO_00318	1
DEMO_00319	1
DEMO_00320	1
DEMO_00321	1
DEMO_00322	1
DEMO_00323	1
DEMO_00324	1
DEMO_00325	1
DEMO_00326	1
DEMO_00327	1
DEMO_00328	1
DEMO_00329	1
DEMO_00330	1
DEMO_00331	1
DEMO_00332	1
DEMO_00333	1
DEMO_00334	1
DEMO_00335	1
DEMO_00336	1
DEMO_00337	1
DEMO_00338	1
DEMO_00339	1
DEMO_00340	1
DEMO_00341	1
DEMO_00342	1
DEMO_00343	1
DEMO_00344	1
DEMO_00345	1
DEMO_00346	1
DEMO_00347	1
DEMO_00348	1
DEMO_00349	1
DEMO_00350	1
DEMO_00351	1
DEMO_00352	1
DEMO_00353	1
DEMO_00354	1
DEMO_00355	1
DEMO_00356	1
DEMO_00357	1
DEMO_00358	1
DEMO_00359	1
DEMO_00360	1
DEMO_00361	1
DEMO_00362	1
DEMO_00363	1
DEMO_00364	1
DEMO_00365	1
DEMO_00366	1
DEMO_00367	1
DEMO_00368	1
DEMO_00369	1
DEMO_00370	1
DEMO_00371	1
DEMO_00372	1
DEMO_00373	1
DEMO_00374	1
DEMO_00375	1
DEMO_00376	1
DEMO_00377	1
DEMO_00378	1
DEMO_00379	1
DEMO_00380	1
DEMO_00381	1
DEMO_00382	1
DEMO_00383	1
DEMO_00384	1
DEMO_00385	1
DEMO_00386	1
DEMO_00387	1
DEMO_00388	1
DEMO_00389	1
DEMO_00390	1
DEMO_00391	1
DEMO_00392	1
DEMO_00393	1
DEMO_00394	1
DEMO_00395	1
DEMO_00396	1
DEMO_00397	1
DEMO_00398	1
DEMO_00399	1
DEMO_00400	1
DEMO_00401	1
DEMO_00402	1
DEMO_00403	1
DEMO_00404	1
DEMO_00405	1
DEMO_00406	1
DEMO_00407	1
DEMO_00408	1
DEMO_00409	1
DEMO_00410	1
DEMO_00411	1
DEMO_00412	1
DEMO_00413	1
DEMO_00414	1
DEMO_00415	1
DEMO_00416	1
DEMO_00417	1
DEMO_00418	1
DEMO_00419	1
DEMO_00420	1
DEMO_00421	1
DEMO_00422	1
DEMO_00423	1
DEMO_00424	1
DEMO_00425	1
DEMO_00426	1
DEMO_00427	1
DEMO_00428	1
DEMO_00429	1
DEMO_00430	1
DEMO_00431	1
DEMO_00432	1
DEMO_00433	1
DEMO_00434	1
DEMO_00435	1
DEMO_00436	1
DEMO_00437	1
DEMO_00438	1
DEMO_00439	1
DEMO_00440	1
DEMO_00441	1
DEMO_00442	1
DEMO_00443	1
DEMO_00444	1
DEMO_00445	1
DEMO_00446	1
DEMO_00447	1
DEMO_00448	1
DEMO_00449	1
DEMO_00450	1
DEMO_00451	1
DEMO_00452	1
DEMO_00453	1
DEMO_00454	1
DEMO_00455	1
DEMO_00456	1
DEMO_00457	1
DEMO_00458	1
DEMO_00459	1
DEMO_00460	1
DEMO_00461	1
DEMO_00462	1
DEMO_00463	1
DEMO_00464	1
DEMO_00465	1
DEMO_00466	1
DEMO_00467	1
DEMO_00468	1
DEMO_00469	1
DEMO_00470	1
DEMO_00471	1
DEMO_00472	1
DEMO_00473	1
DEMO_00474	1
DEMO_00475	1
DEMO_00476	1
DEMO_00477	1
DEMO_00478	1
DEMO_00479	1
DEMO_00480	1
DEMO_00481	1
DEMO_00482	1
DEMO_00483	1
DEMO_00484	1
DEMO_00485	1
DEMO_00486	1
DEMO_00487	1
DEMO_00488	1
DEMO_00489	1
DEMO_00490	1
DEMO_00491	1
DEMO_00492	1
DEMO_00493	1
DEMO_00494	1
DEMO_00495	1
DEMO_00496	1
DEMO_00497	1
DEMO_00498	1
DEMO_00499	1
DEMO_00500	1
DEMO_00501	1
DEMO_00502	1
DEMO_00503	1
DEMO_00504	1
DEMO_00505	1
DEMO_00506	1
DEMO_00507	1
DEMO_00508	1
DEMO_00509	1
DEMO_00510	1
DEMO_00511	1
DEMO_00512	1
DEMO_00513	1
DEMO_00514	1
DEMO_00515	1
DEMO_00516	1
DEMO_00517	1
DEMO_00518	1
DEMO_00519	1
DEMO_00520	1
DEMO_00521	1
DEMO_00522	1
DEMO_00523	1
DEMO_00524	1
DEMO_00525	1
DEMO_00526	1
DEMO_00527	1
DEMO_00528	1
DEMO_00529	1
DEMO_00530	1
DEMO_00531	1
DEMO_00532	1
DEMO_00533	1
DEMO_00534	1
DEMO_00535	1
DEMO_00536	1
DEMO_00537	1
DEMO_00538	1
DEMO_00539	1
DEMO_00540	1
DEMO_00541	1
DEMO_00542	1
DEMO_00543	1
DEMO_00544	1
DEMO_00545	1
DEMO_00546	1
DEMO_00547	1
DEMO_00548	1
DEMO_00549	1
DEMO_00550	1
DEMO_00551	1
DEMO_00552	1
DEMO_00553	1
DEMO_00554	1
DEMO_00555	1
DEMO_00556	1
DEMO_00557	1
DEMO_00558	1
DEMO_00559	1
DEMO_00560	1
DEMO_00561	1
DEMO_00562	1
DEMO_00563	1
DEMO_00564	1
DEMO_00565	1
DEMO_00566	1
DEMO_00567	1
DEMO_00568	1
DEMO_00569	1
DEMO_00570	1
DEMO_00571	1
DEMO_00572	1
DEMO_00573	1
DEMO_00574	1
DEMO_00575	1
DEMO_00576	1
DEMO_00577	1
DEMO_00578	1
DEMO_00579	1
DEMO_00580	1
DEMO_00581	1
DEMO_00582	1
DEMO_00583	1
DEMO_00584	1
DEMO_00585	1
DEMO_00586	1
DEMO_00587	1
DEMO_00588	1
DEMO_00589	1
DEMO_00590	1
DEMO_00591	1
DEMO_00592	1
DEMO_00593	1
DEMO_00594	1
DEMO_00595	1
DEMO_00596	1
DEMO_00597	1
DEMO_00598	1
DEMO_00599	1
DEMO_00600	1
DEMO_00601	1
DEMO_00602	1
DEMO_00603	1
DEMO_00604	1
DEMO_00605	1
DEMO_00606	1
DEMO_00607	1
DEMO_00608	1
DEMO_00609	1
DEMO_00610	1
DEMO_00611	1
DEMO_00612	1
DEMO_00613	1
DEMO_00614	1
DEMO_00615	1
DEMO_00616	1
DEMO_00617	1
DEMO_00618	1
DEMO_00619	1
DEMO_00620	1
DEMO_00621	1
DEMO_00622	1
DEMO_00623	1
DEMO_00624	1
DEMO_00625	1
DEMO_00626	1
DEMO_00627	1
DEMO_00628	1
DEMO_00629	1
DEMO_00630	1
DEMO_00631	1
DEMO_00632	1
DEMO_00633	1
DEMO_00634	1
DEMO_00635	1
DEMO_00636	1
DEMO_00637	1
DEMO_00638	1
DEMO_00639	1
DEMO_00640	1
DEMO_00641	1
DEMO_00642	1
DEMO_00643	1
DEMO_00644	1
DEMO_00645	1
DEMO_00646	1
DEMO_00647	1
DEMO_00648	1
DEMO_00649	1
DEMO_00650	1
DEMO_00651	1
DEMO_00652	1
DEMO_00653	1
DEMO_00654	1
DEMO_00655	1
DEMO_00656	1
DEMO_00657	1
DEMO_00658	1
DEMO_00659	1
DEMO_00660	1
DEMO_00661	1
DEMO_00662	1
DEMO_00663	1
DEMO_00664	1
DEMO_00665	1
DEMO_00666	1
DEMO_00667	1
DEMO_00668	1
DEMO_00669	1
DEMO_00670	1
DEMO_00671	1
DEMO_00672	1
DEMO_00673	1
DEMO_00674	1
DEMO_00675	1
DEMO_00676	1
DEMO_00677	1
DEMO_00678	1
DEMO_00679	1
DEMO_00680	1
DEMO_00681	1
DEMO_00682	1
DEMO_00683	1
DEMO_00684	1
DEMO_00685	1
DEMO_00686	1
DEMO_00687	1
DEMO_00688	1
DEMO_00689	1
DEMO_00690	1
DEMO_00691	1
DEMO_00692	1
DEMO_00693	1
DEMO_00694	1
DEMO_00695	1
DEMO_00696	1
DEMO_00697	1
DEMO_00698	1
DEMO_00699	1
DEMO_00700	1
DEMO_00701	1
DEMO_00702	1
DEMO_00703	1
DEMO_00704	1
DEMO_00705	1
DEMO_00706	1
DEMO_00707	1
DEMO_00708	1
DEMO_00709	1
DEMO_00710	1
DEMO_00711	1
DEMO_00712	1
DEMO_00713	1
DEMO_00714	1
DEMO_00715	1
DEMO_00716	1
DEMO_00717	1
DEMO_00718	1
DEMO_00719	1
DEMO_00720	1
DEMO_00721	1
DEMO_00722	1
DEMO_00723	1
DEMO_00724	1
DEMO_00725	1
DEMO_00726	1
DEMO_00727	1
DEMO_00728	1
DEMO_00729	1
DEMO_00730	1
DEMO_00731	1
DEMO_00732	1
DEMO_00733	1
DEMO_00734	1
DEMO_00735	1
DEMO_00736	1
DEMO_00737	1
DEMO_00738	1
DEMO_00739	1
DEMO_00740	1
DEMO_00741	1
DEMO_00742	1
DEMO_00743	1
DEMO_00744	1
DEMO_00745	1
DEMO_00746	1
DEMO_00747	1
DEMO_00748	1
DEMO_00749	1
DEMO_00750	1
DEMO_00751	1
DEMO_00752	1
DEMO_00753	1
DEMO_00754	1
DEMO_00755	1
DEMO_00756	1
DEMO_00757	1
DEMO_00758	1
DEMO_00759	1
DEMO_00760	1
DEMO_00761	1
DEMO_00762	1
DEMO_00763	1
DEMO_00764	1
DEMO_00765	1
DEMO_00766	1
DEMO_00767	1
DEMO_00768	1
DEMO_00769	1
DEMO_00770	1
DEMO_00771	1
DEMO_00772	1
DEMO_00773	1
DEMO_00774	1
DEMO_00775	1
DEMO_00776	1
DEMO_00777	1
DEMO_00778	1
DEMO_00779	1
DEMO_00780	1
DEMO_00781	1
DEMO_00782	1
DEMO_00783	1
DEMO_00784	1
DEMO_00785	1
DEMO_00786	1
DEMO_00787	1
DEMO_00788	1
DEMO_00789	1
DEMO_00790	1
DEMO_00791	1
DEMO_00792	1
DEMO_00793	1
DEMO_00794	1
DEMO_00795	1
DEMO_00796	1
DEMO_00797	1
DEMO_00798	1
DEMO_00799	1
DEMO_00800	1
DEMO_00801	1
DEMO_00802	1
DEMO_00803	1
DEMO_00804	1
DEMO_00805	1
DEMO_00806	1
DEMO_00807	1
DEMO_00808	1
DEMO_00809	1
DEMO_00810	1
DEMO_00811	1
DEMO_00812	1
DEMO_00813	1
DEMO_00814	1
DEMO_00815	1
DEMO_00816	1
DEMO_00817	1
DEMO_00818	1
DEMO_00819	1
DEMO_00820	1
DEMO_00821	1
DEMO_00822	1
DEMO_00823	1
DEMO_00824	1
DEMO_00825	1
DEMO_00826	1
DEMO_00827	1
DEMO_00828	1
DEMO_00829	1
DEMO_00830	1
DEMO_00831	1
DEMO_00832	1
DEMO_00833	1
DEMO_00834	1
DEMO_00835	1
DEMO_00836	1
DEMO_00837	1
DEMO_00838	1
DEMO_00839	1
DEMO_00840	1
DEMO_00841	1
DEMO_00842	1
DEMO_00843	1
DEMO_00844	1
DEMO_00845	1
DEMO_00846	1
DEMO_00847	1
DEMO_00848	1
DEMO_00849	1
DEMO_00850	1
DEMO_00851	1
DEMO_00852	1
DEMO_00853	1
DEMO_00854	1
DEMO_00855	1
DEMO_00856	1
DEMO_00857	1
DEMO_00858	1
DEMO_00859	1
DEMO_00860	1
DEMO_00861	1
DEMO_00862	1
DEMO_00863	1
DEMO_00864	1
DEMO_00865	1
DEMO_00866	1
DEMO_00867	1
DEMO_00868	1
DEMO_00869	1
DEMO_00870	1
DEMO_00871	1
DEMO_00872	1
DEMO_00873	1
DEMO_00874	1
DEMO_00875	1
DEMO_00876	1
DEMO_00877	1
DEMO_00878	1
DEMO_00879	1
DEMO_00880	1
DEMO_00881	1
DEMO_00882	1
DEMO_00883	1
DEMO_00884	1
DEMO_00885	1
DEMO_00886	1
DEMO_00887	1
DEMO_00888	1
DEMO_00889	1
DEMO_00890	1
DEMO_00891	1
DEMO_00892	1
DEMO_00893	1
DEMO_00894	1
DEMO_00895	1
DEMO_00896	1
DEMO_00897	1
DEMO_00898	1
DEMO_00899	1
DEMO_00900	1
DEMO_00901	1
DEMO_00902	1
DEMO_00903	1
DEMO_00904	1
DEMO_00905	1
DEMO_00906	1
DEMO_00907	1
DEMO_00908	1
DEMO_00909	1
DEMO_00910	1
DEMO_00911	1
DEMO_00912	1
DEMO_00913	1
DEMO_00914	1
DEMO_00915	1
DEMO_00916	1
DEMO_00917	1
DEMO_00918	1
DEMO_00919	1
DEMO_00920	1
DEMO_00921	1
DEMO_00922	1
DEMO_00923	1
DEMO_00924	1
DEMO_00925	1
DEMO_00926	1
DEMO_00927	1
DEMO_00928	1
DEMO_00929	1
DEMO_00930	1
DEMO_00931	1
DEMO_00932	1
DEMO_00933	1
DEMO_00934	1
DEMO_00935	1
DEMO_00936	1
DEMO_00937	1
DEMO_00938	1
DEMO_00939	1
DEMO_00940	1
DEMO_00941	1
DEMO_00942	1
DEMO_00943	1
DEMO_00944	1
DEMO_00945	1
DEMO_00946	1
DEMO_00947	1
DEMO_00948	1
DEMO_00949	1
DEMO_00950	1
DEMO_00951	1
DEMO_00952	1
DEMO_00953	1
DEMO_00954	1
DEMO_00955	1
DEMO_00956	1
DEMO_00957	1
DEMO_00958	1
DEMO_00959	1
DEMO_00960	1
DEMO_00961	1
DEMO_00962	1
DEMO_00963	1
DEMO_00964	1
DEMO_00965	1
DEMO_00966	1
DEMO_00967	1
DEMO_00968	1
DEMO_00969	1
DEMO_00970	1
DEMO_00971	1
DEMO_00972	1
DEMO_00973	1
DEMO_00974	1
DEMO_00975	1
DEMO_00976	1
DEMO_00977	1
DEMO_00978	1
DEMO_00979	1
DEMO_00980	1
DEMO_00981	1
DEMO_00982	1
DEMO_00983	1
DEMO_00984	1
DEMO_00985	1
DEMO_00986	1
DEMO_00987	1
DEMO_00988	1
DEMO_00989	1
DEMO_00990	1
DEMO_00991	1
DEMO_00992	1
DEMO_00993	1
DEMO_00994	1
DEMO_00995	1
DEMO_00996	1
DEMO_00997	1
DEMO_00998	1
DEMO_00999	1
DEMO_01000	1
DEMO_01001	1
DEMO_01002	1
DEMO_01003	1
DEMO_01004	1
DEMO_01005	1
DEMO_01006	1
DEMO_01007	1
DEMO_01008	1
DEMO_01009	1
DEMO_01010	1
DEMO_01011	1
DEMO_01012	1
DEMO_01013	1
DEMO_01014	1
DEMO_01015	1
DEMO_01016	1
DEMO_01017	1
DEMO_01018	1
DEMO_01019	1
DEMO_01020	1
DEMO_01021	1
DEMO_01022	1
DEMO_01023	1
DEMO_01024	1
DEMO_01025	1
DEMO_01026	1
DEMO_01027	1
DEMO_01028	1
DEMO_01029	1
DEMO_01030	1
DEMO_01031	1
DEMO_01032	1
DEMO_01033	1
DEMO_01034	1
DEMO_01035	1
DEMO_01036	1
DEMO_01037	1
DEMO_01038	1
DEMO_01039	1
DEMO_01040	1
DEMO_01041	1
DEMO_01042	1
DEMO_01043	1
DEMO_01044	1
DEMO_01045	1
DEMO_01046	1
DEMO_01047	1
DEMO_01048	1
DEMO_01049	1
DEMO_01050	1
DEMO_01051	1
DEMO_01052	1
DEMO_01053	1
DEMO_01054	1
DEMO_01055	1
DEMO_01056	1
DEMO_01057	1
DEMO_01058	1
DEMO_01059	1
DEMO_01060	1
DEMO_01061	1
DEMO_01062	1
DEMO_01063	1
DEMO_01064	1
DEMO_01065	1
DEMO_01066	1
DEMO_01067	1
DEMO_01068	1
DEMO_01069	1
DEMO_01070	1
DEMO_01071	1
DEMO_01072	1
DEMO_01073	1
DEMO_01074	1
DEMO_01075	1
DEMO_01076	1
DEMO_01077	1
DEMO_01078	1
DEMO_01079	1
DEMO_01080	1
DEMO_01081	1
DEMO_01082	1
DEMO_01083	1
DEMO_01084	1
DEMO_01085	1
DEMO_01086	1
DEMO_01087	1
DEMO_01088	1
DEMO_01089	1
DEMO_01090	1
DEMO_01091	1
DEMO_01092	1
DEMO_01093	1
DEMO_01094	1
DEMO_01095	1
DEMO_01096	1
DEMO_01097	1
DEMO_01098	1
DEMO_01099	1
DEMO_01100	1
DEMO_01101	1
DEMO_01102	1
DEMO_01103	1
DEMO_01104	1
DEMO_01105	1
DEMO_01106	1
DEMO_01107	1
DEMO_01108	1
DEMO_01109	1
DEMO_01110	1
DEMO_01111	1
DEMO_01112	1
DEMO_01113	1
DEMO_01114	1
DEMO_01115	1
DEMO_01116	1
DEMO_01117	1
DEMO_01118	1
DEMO_01119	1
DEMO_01120	1
DEMO_01121	1
DEMO_01122	1
DEMO_01123	1
DEMO_01124	1
DEMO_01125	1
DEMO_01126	1
DEMO_01127	1
DEMO_01128	1
DEMO_01129	1
DEMO_01130	1
DEMO_01131	1
DEMO_01132	1
DEMO_01133	1
DEMO_01134	1
DEMO_01135	1
DEMO_01136	1
DEMO_01137	1
DEMO_01138	1
DEMO_01139	1
DEMO_01140	1
DEMO_01141	1
DEMO_01142	1
DEMO_01143	1
DEMO_01144	1
DEMO_01145	1
DEMO_01146	1
DEMO_01147	1
DEMO_01148	1
DEMO_01149	1
DEMO_01150	1
DEMO_01151	1
DEMO_01152	1
DEMO_01153	1
DEMO_01154	1
DEMO_01155	1
DEMO_01156	1
DEMO_01157	1
DEMO_01158	1
DEMO_01159	1
DEMO_01160	1
DEMO_01161	1
DEMO_01162	1
DEMO_01163	1
DEMO_01164	1
DEMO_01165	1
DEMO_01166	1
DEMO_01167	1
DEMO_01168	1
DEMO_01169	1
DEMO_01170	1
DEMO_01171	1
DEMO_01172	1
DEMO_01173	1
DEMO_01174	1
DEMO_01175	1
DEMO_01176	1
DEMO_01177	1
DEMO_01178	1
DEMO_01179	1
DEMO_01180	1
DEMO_01181	1
DEMO_01182	1
DEMO_01183	1
DEMO_01184	1
DEMO_01185	1
DEMO_01186	1
DEMO_01187	1
DEMO_01188	1
DEMO_01189	1
DEMO_01190	1
DEMO_01191	1
DEMO_01192	1
DEMO_01193	1
DEMO_01194	1
DEMO_01195	1
DEMO_01196	1
DEMO_01197	1
DEMO_01198	1
DEMO_01199	1
DEMO_01200	1
DEMO_01201	1
DEMO_01202	1
DEMO_01203	1
DEMO_01204	1
DEMO_01205	1
DEMO_01206	1
DEMO_01207	1
DEMO_01208	1
DEMO_01209	1
DEMO_01210	1
DEMO_01211	1
DEMO_01212	1
DEMO_01213	1
DEMO_01214	1
DEMO_01215	1
DEMO_01216	1
DEMO_01217	1
DEMO_01218	1
DEMO_01219	1
DEMO_01220	1
DEMO_01221	1
DEMO_01222	1
DEMO_01223	1
DEMO_01224	1
DEMO_01225	1
DEMO_01226	1
DEMO_01227	1
DEMO_01228	1
DEMO_01229	1
DEMO_01230	1
DEMO_01231	1
DEMO_01232	1
DEMO_01233	1
DEMO_01234	1
DEMO_01235	1
DEMO_01236	1
DEMO_01237	1
DEMO_01238	1
DEMO_01239	1
DEMO_01240	1
DEMO_01241	1
DEMO_01242	1
DEMO_01243	1
DEMO_01244	1
DEMO_01245	1
DEMO_01246	1
DEMO_01247	1
DEMO_01248	1
DEMO_01249	1
DEMO_01250	1
DEMO_01251	1
DEMO_01252	1
DEMO_01253	1
DEMO_01254	1
DEMO_01255	1
DEMO_01256	1
DEMO_01257	1
DEMO_01258	1
DEMO_01259	1
DEMO_01260	1
DEMO_01261	1
DEMO_01262	1
DEMO_01263	1
DEMO_01264	1
DEMO_01265	1
DEMO_01266	1
DEMO_01267	1
DEMO_01268	1
DEMO_01269	1
DEMO_01270	1
DEMO_01271	1
DEMO_01272	1
DEMO_01273	1
DEMO_01274	1
DEMO_01275	1
DEMO_01276	1
DEMO_01277	1
DEMO_01278	1
DEMO_01279	1
DEMO_01280	1
DEMO_01281	1
DEMO_01282	1
DEMO_01283	1
DEMO_01284	1
DEMO_01285	1
DEMO_01286	1
DEMO_01287	1
DEMO_01288	1
DEMO_01289	1
DEMO_01290	1
DEMO_01291	1
DEMO_01292	1
DEMO_01293	1
DEMO_01294	1
DEMO_01295	1
DEMO_01296	1
DEMO_01297	1
DEMO_01298	1
DEMO_01299	1
DEMO_01300	1
DEMO_01301	1
DEMO_01302	1
DEMO_01303	1
DEMO_01304	1
DEMO_01305	1
DEMO_01306	1
DEMO_01307	1
DEMO_01308	1
DEMO_01309	1
DEMO_01310	1
DEMO_01311	1
DEMO_01312	1
DEMO_01313	1
DEMO_01314	1
DEMO_01315	1
DEMO_01316	1
DEMO_01317	1
DEMO_01318	1
DEMO_01319	1
DEMO_01320	1
DEMO_01321	1
DEMO_01322	1
DEMO_01323	1
DEMO_01324	1
DEMO_01325	1
DEMO_01326	1
DEMO_01327	1
DEMO_01328	1
DEMO_01329	1
DEMO_01330	1
DEMO_01331	1
DEMO_01332	1
DEMO_01333	1
DEMO_01334	1
DEMO_01335	1
DEMO_01336	1
DEMO_01337	1
DEMO_01338	1
DEMO_01339	1
DEMO_01340	1
DEMO_01341	1
DEMO_01342	1
DEMO_01343	1
DEMO_01344	1
DEMO_01345	1
DEMO_01346	1
DEMO_01347	1
DEMO_01348	1
DEMO_01349	1
DEMO_01350	1
DEMO_01351	1
DEMO_01352	1
DEMO_01353	1
DEMO_01354	1
DEMO_01355	1
DEMO_01356	1
DEMO_01357	1
DEMO_01358	1
DEMO_01359	1
DEMO_01360	1
DEMO_01361	1
DEMO_01362	1
DEMO_01363	1
DEMO_01364	1
DEMO_01365	1
DEMO_01366	1
DEMO_01367	1
DEMO_01368	1
DEMO_01369	1
DEMO_01370	1
DEMO_01371	1
DEMO_01372	1
DEMO_01373	1
DEMO_01374	1
DEMO_01375	1
DEMO_01376	1
DEMO_01377	1
DEMO_01378	1
DEMO_01379	1
DEMO_01380	1
DEMO_01381	1
DEMO_01382	1
DEMO_01383	1
DEMO_01384	1
DEMO_01385	1
DEMO_01386	1
DEMO_01387	1
DEMO_01388	1
DEMO_01389	1
DEMO_01390	1
DEMO_01391	1
DEMO_01392	1
DEMO_01393	1
DEMO_01394	1
DEMO_01395	1
DEMO_01396	1
DEMO_01397	1
DEMO_01398	1
DEMO_01399	1
DEMO_01400	1
DEMO_01401	1
DEMO_01402	1
DEMO_01403	1
DEMO_01404	1
DEMO_01405	1
DEMO_01406	1
DEMO_01407	1
DEMO_01408	1
DEMO_01409	1
DEMO_01410	1
DEMO_01411	1
DEMO_01412	1
DEMO_01413	1
DEMO_01414	1
DEMO_01415	1
DEMO_01416	1
DEMO_01417	1
DEMO_01418	1
DEMO_01419	1
DEMO_01420	1
DEMO_01421	1
DEMO_01422	1
DEMO_01423	1
DEMO_01424	1
DEMO_01425	1
DEMO_01426	1
DEMO_01427	1
DEMO_01428	1
DEMO_01429	1
DEMO_01430	1
DEMO_01431	1
DEMO_01432	1
DEMO_01433	1
DEMO_01434	1
DEMO_01435	1
DEMO_01436	1
DEMO_01437	1
DEMO_01438	1
DEMO_01439	1
DEMO_01440	1
DEMO_01441	1
DEMO_01442	1
DEMO_01443	1
DEMO_01444	1
DEMO_01445	1
DEMO_01446	1
DEMO_01447	1
DEMO_01448	1
DEMO_01449	1
DEMO_01450	1
DEMO_01451	1
DEMO_01452	1
DEMO_01453	1
DEMO_01454	1
DEMO_01455	1
DEMO_01456	1
DEMO_01457	1
DEMO_01458	1
DEMO_01459	1
DEMO_01460	1
DEMO_01461	1
DEMO_01462	1
DEMO_01463	1
DEMO_01464	1
DEMO_01465	1
DEMO_01466	1
DEMO_01467	1
DEMO_01468	1
DEMO_01469	1
DEMO_01470	1
DEMO_01471	1
DEMO_01472	1
DEMO_01473	1
DEMO_01474	1
DEMO_01475	1
DEMO_01476	1
DEMO_01477	1
DEMO_01478	1
DEMO_01479	1
DEMO_01480	1
DEMO_01481	1
DEMO_01482	1
DEMO_01483	1
DEMO_01484	1
DEMO_01485	1
DEMO_01486	1
DEMO_01487	1
DEMO_01488	1
DEMO_01489	1
DEMO_01490	1
DEMO_01491	1
DEMO_01492	1
DEMO_01493	1
DEMO_01494	1
DEMO_01495	1
DEMO_01496	1
DEMO_01497	1
DEMO_01498	1
DEMO_01499	1
DEMO_01500	1
DEMO_01501	1
DEMO_01502	1
DEMO_01503	1
DEMO_01504	1
DEMO_01505	1
DEMO_01506	1
DEMO_01507	1
DEMO_01508	1
DEMO_01509	1
DEMO_01510	1
DEMO_01511	1
DEMO_01512	1
DEMO_01513	1
DEMO_01514	1
DEMO_01515	1
DEMO_01516	1
DEMO_01517	1
DEMO_01518	1
DEMO_01519	1
DEMO_01520	1
DEMO_01521	1
DEMO_01522	1
DEMO_01523	1
DEMO_01524	1
DEMO_01525	1
DEMO_01526	1
DEMO_01527	1
DEMO_01528	1
DEMO_01529	1
DEMO_01530	1
DEMO_01531	1
DEMO_01532	1
DEMO_01533	1
DEMO_01534	1
DEMO_01535	1
DEMO_01536	1
DEMO_01537	1
DEMO_01538	1
DEMO_01539	1
DEMO_01540	1
DEMO_01541	1
DEMO_01542	1
DEMO_01543	1
DEMO_01544	1
DEMO_01545	1
DEMO_01546	1
DEMO_01547	1
DEMO_01548	1
DEMO_01549	1
DEMO_01550	1
DEMO_01551	1
DEMO_01552	1
DEMO_01553	1
DEMO_01554	1
DEMO_01555	1
DEMO_01556	1
DEMO_01557	1
DEMO_01558	1
DEMO_01559	1
DEMO_01560	1
DEMO_01561	1
DEMO_01562	1
DEMO_01563	1
DEMO_01564	1
DEMO_01565	1
DEMO_01566	1
DEMO_01567	1
DEMO_01568	1
DEMO_01569	1
DEMO_01570	1
DEMO_01571	1
DEMO_01572	1
DEMO_01573	1
DEMO_01574	1
DEMO_01575	1
DEMO_01576	1
DEMO_01577	1
DEMO_01578	1
DEMO_01579	1
DEMO_01580	1
DEMO_01581	1
DEMO_01582	1
DEMO_01583	1
DEMO_01584	1
DEMO_01585	1
DEMO_01586	1
DEMO_01587	1
DEMO_01588	1
DEMO_01589	1
DEMO_01590	1
DEMO_01591	1
DEMO_01592	1
DEMO_01593	1
DEMO_01594	1
DEMO_01595	1
DEMO_01596	1
DEMO_01597	1
DEMO_01598	1
DEMO_01599	1
DEMO_01600	1
DEMO_01601	1
DEMO_01602	1
DEMO_01603	1
DEMO_01604	1
DEMO_01605	1
DEMO_01606	1
DEMO_01607	1
DEMO_01608	1
DEMO_01609	1
DEMO_01610	1
DEMO_01611	1
DEMO_01612	1
DEMO_01613	1
DEMO_01614	1
DEMO_01615	1
DEMO_01616	1
DEMO_01617	1
DEMO_01618	1
DEMO_01619	1
DEMO_01620	1
DEMO_01621	1
DEMO_01622	1
DEMO_01623	1
DEMO_01624	1
DEMO_01625	1
DEMO_01626	1
DEMO_01627	1
DEMO_01628	1
DEMO_01629	1
DEMO_01630	1
DEMO_01631	1
DEMO_01632	1
DEMO_01633	1
DEMO_01634	1
DEMO_01635	1
DEMO_01636	1
DEMO_01637	1
DEMO_01638	1
DEMO_01639	1
DEMO_01640	1
DEMO_01641	1
DEMO_01642	1
DEMO_01643	1
DEMO_01644	1
DEMO_01645	1
DEMO_01646	1
DEMO_01647	1
DEMO_01648	1
DEMO_01649	1
DEMO_01650	1
DEMO_01651	1
DEMO_01652	1
DEMO_01653	1
DEMO_01654	1
DEMO_01655	1
DEMO_01656	1
DEMO_01657	1
DEMO_01658	1
DEMO_01659	1
DEMO_01660	1
DEMO_01661	1
DEMO_01662	1
DEMO_01663	1
DEMO_01664	1
DEMO_01665	1
DEMO_01666	1
DEMO_01667	1
DEMO_01668	1
DEMO_01669	1
DEMO_01670	1
DEMO_01671	1
DEMO_01672	1
DEMO_01673	1
DEMO_01674	1
DEMO_01675	1
DEMO_01676	1
DEMO_01677	1
DEMO_01678	1
DEMO_01679	1
DEMO_01680	1
DEMO_01681	1
DEMO_01682	1
DEMO_01683	1
DEMO_01684	1
DEMO_01685	1
DEMO_01686	1
DEMO_01687	1
DEMO_01688	1
DEMO_01689	1
DEMO_01690	1
DEMO_01691	1
DEMO_01692	1
DEMO_01693	1
DEMO_01694	1
DEMO_01695	1
DEMO_01696	1
DEMO_01697	1
DEMO_01698	1
DEMO_01699	1
DEMO_01700	1
DEMO_01701	1
DEMO_01702	1
DEMO_01703	1
DEMO_01704	1
DEMO_01705	1
DEMO_01706	1
DEMO_01707	1
DEMO_01708	1
DEMO_01709	1
DEMO_01710	1
DEMO_01711	1
DEMO_01712	1
DEMO_01713	1
DEMO_01714	1
DEMO_01715	1
DEMO_01716	1
DEMO_01717	1
DEMO_01718	1
DEMO_01719	1
DEMO_01720	1
DEMO_01721	1
DEMO_01722	1
DEMO_01723	1
DEMO_01724	1
DEMO_01725	1
DEMO_01726	1
DEMO_01727	1
DEMO_01728	1
DEMO_01729	1
DEMO_01730	1
DEMO_01731	1
DEMO_01732	1
DEMO_01733	1
DEMO_01734	1
DEMO_01735	1
DEMO_01736	1
DEMO_01737	1
DEMO_01738	1
DEMO_01739	1
DEMO_01740	1
DEMO_01741	1
DEMO_01742	1
DEMO_01743	1
DEMO_01744	1
DEMO_01745	1
DEMO_01746	1
DEMO_01747	1
DEMO_01748	1
DEMO_01749	1
DEMO_01750	1
DEMO_01751	1
DEMO_01752	1
DEMO_01753	1
DEMO_01754	1
DEMO_01755	1
DEMO_01756	1
DEMO_01757	1
DEMO_01758	1
DEMO_01759	1
DEMO_01760	1
DEMO_01761	1
DEMO_01762	1
DEMO_01763	1
DEMO_01764	1
DEMO_01765	1
DEMO_01766	1
DEMO_01767	1
DEMO_01768	1
DEMO_01769	1
DEMO_01770	1
DEMO_01771	1
DEMO_01772	1
DEMO_01773	1
DEMO_01774	1
DEMO_01775	1
DEMO_01776	1
DEMO_01777	1
DEMO_01778	1
DEMO_01779	1
DEMO_01780	1
DEMO_01781	1
DEMO_01782	1
DEMO_01783	1
DEMO_01784	1
DEMO_01785	1
DEMO_01786	1
DEMO_01787	1
DEMO_01788	1
DEMO_01789	1
DEMO_01790	1
DEMO_01791	1
DEMO_01792	1
DEMO_01793	1
DEMO_01794	1
DEMO_01795	1
DEMO_01796	1
DEMO_01797	1
DEMO_01798	1
DEMO_01799	1
DEMO_01800	1
DEMO_01801	1
DEMO_01802	1
DEMO_01803	1
DEMO_01804	1
DEMO_01805	1
DEMO_01806	1
DEMO_01807	1
DEMO_01808	1
DEMO_01809	1
DEMO_01810	1
DEMO_01811	1
DEMO_01812	1
DEMO_01813	1
DEMO_01814	1
DEMO_01815	1
DEMO_01816	1
DEMO_01817	1
DEMO_01818	1
DEMO_01819	1
DEMO_01820	1
DEMO_01821	1
DEMO_01822	1
DEMO_01823	1
DEMO_01824	1
DEMO_01825	1
DEMO_01826	1
DEMO_01827	1
DEMO_01828	1
DEMO_01829	1
DEMO_01830	1
DEMO_01831	1
DEMO_01832	1
DEMO_01833	1
DEMO_01834	1
DEMO_01835	1
DEMO_01836	1
DEMO_01837	1
DEMO_01838	1
DEMO_01839	1
DEMO_01840	1
DEMO_01841	1
DEMO_01842	1
DEMO_01843	1
DEMO_01844	1
DEMO_01845	1
DEMO_01846	1
DEMO_01847	1
DEMO_01848	1
DEMO_01849	1
DEMO_01850	1
DEMO_01851	1
DEMO_01852	1
DEMO_01853	1
DEMO_01854	1
DEMO_01855	1
DEMO_01856	1
DEMO_01857	1
DEMO_01858	1
DEMO_01859	1
DEMO_01860	1
DEMO_01861	1
DEMO_01862	1
DEMO_01863	1
DEMO_01864	1
DEMO_01865	1
DEMO_01866	1
DEMO_01867	1
DEMO_01868	1
DEMO_01869	1
DEMO_01870	1
DEMO_01871	1
DEMO_01872	1
DEMO_01873	1
DEMO_01874	1
DEMO_01875	1
DEMO_01876	1
DEMO_01877	1
DEMO_01878	1
DEMO_01879	1
DEMO_01880	1
DEMO_01881	1
DEMO_01882	1
DEMO_01883	1
DEMO_01884	1
DEMO_01885	1
DEMO_01886	1
DEMO_01887	1
DEMO_01888	1
DEMO_01889	1
DEMO_01890	1
DEMO_01891	1
DEMO_01892	1
DEMO_01893	1
DEMO_01894	1
DEMO_01895	1
DEMO_01896	1
DEMO_01897	1
DEMO_01898	1
DEMO_01899	1
DEMO_01900	1
DEMO_01901	1
DEMO_01902	1
DEMO_01903	1
DEMO_01904	1
DEMO_01905	1
DEMO_01906	1
DEMO_01907	1
DEMO_01908	1
DEMO_01909	1
DEMO_01910	1
DEMO_01911	1
DEMO_01912	1
DEMO_01913	1
DEMO_01914	1
DEMO_01915	1
DEMO_01916	1
DEMO_01917	1
DEMO_01918	1
DEMO_01919	1
DEMO_01920	1
DEMO_01921	1
DEMO_01922	1
DEMO_01923	1
DEMO_01924	1
DEMO_01925	1
DEMO_01926	1
DEMO_01927	1
DEMO_01928	1
DEMO_01929	1
DEMO_01930	1
DEMO_01931	1
DEMO_01932	1
DEMO_01933	1
DEMO_01934	1
DEMO_01935	1
DEMO_01936	1
DEMO_01937	1
DEMO_01938	1
DEMO_01939	1
DEMO_01940	1
DEMO_01941	1
DEMO_01942	1
DEMO_01943	1
DEMO_01944	1
DEMO_01945	1
DEMO_01946	1
DEMO_01947	1
DEMO_01948	1
DEMO_01949	1
DEMO_01950	1
DEMO_01951	1
DEMO_01952	1
DEMO_01953	1
DEMO_01954	1
DEMO_01955	1
DEMO_01956	1
DEMO_01957	1
DEMO_01958	1
DEMO_01959	1
DEMO_01960	1
DEMO_01961	1
DEMO_01962	1
DEMO_01963	1
DEMO_01964	1
DEMO_01965	1
DEMO_01966	1
DEMO_01967	1
DEMO_01968	1
DEMO_01969	1
DEMO_01970	1
DEMO_01971	1
DEMO_01972	1
DEMO_01973	1
DEMO_01974	1
DEMO_01975	1
DEMO_01976	1
DEMO_01977	1
DEMO_01978	1
DEMO_01979	1
DEMO_01980	1
DEMO_01981	1
DEMO_01982	1
DEMO_01983	1
DEMO_01984	1
DEMO_01985	1
DEMO_01986	1
DEMO_01987	1
DEMO_01988	1
DEMO_01989	1
DEMO_01990	1
DEMO_01991	1
DEMO_01992	1
DEMO_01993	1
DEMO_01994	1
DEMO_01995	1
DEMO_01996	1
DEMO_01997	1
DEMO_01998	1
DEMO_01999	1
DEMO_02000	1
DEMO_02001	1
DEMO_02002	1
DEMO_02003	1
DEMO_02004	1
DEMO_02005	1
DEMO_02006	1
DEMO_02007	1
DEMO_02008	1
DEMO_02009	1
DEMO_02010	1
DEMO_02011	1
DEMO_02012	1
DEMO_02013	1
DEMO_02014	1
DEMO_02015	1
DEMO_02016	1
DEMO_02017	1
DEMO_02018	1
DEMO_02019	1
DEMO_02020	1
DEMO_02021	1
DEMO_02022	1
DEMO_02023	1
DEMO_02024	1
DEMO_02025	1
DEMO_02026	1
DEMO_02027	1
DEMO_02028	1
DEMO_02029	1
DEMO_02030	1
DEMO_02031	1
DEMO_02032	1
DEMO_02033	1
DEMO_02034	1
DEMO_02035	1
DEMO_02036	1
DEMO_02037	1
DEMO_02038	1
DEMO_02039	1
DEMO_02040	1
DEMO_02041	1
DEMO_02042	1
DEMO_02043	1
DEMO_02044	1
DEMO_02045	1
DEMO_02046	1
DEMO_02047	1
DEMO_02048	1
DEMO_02049	1
DEMO_02050	1
DEMO_02051	1
DEMO_02052	1
DEMO_02053	1
DEMO_02054	1
DEMO_02055	1
DEMO_02056	1
DEMO_02057	1
DEMO_02058	1
DEMO_02059	1
DEMO_02060	1
DEMO_02061	1
DEMO_02062	1
DEMO_02063	1
DEMO_02064	1
DEMO_02065	1
DEMO_02066	1
DEMO_02067	1
DEMO_02068	1
DEMO_02069	1
DEMO_02070	1
DEMO_02071	1
DEMO_02072	1
DEMO_02073	1
DEMO_02074	1
DEMO_02075	1
DEMO_02076	1
DEMO_02077	1
DEMO_02078	1
DEMO_02079	1
DEMO_02080	1
DEMO_02081	1
DEMO_02082	1
DEMO_02083	1
DEMO_02084	1
DEMO_02085	1
DEMO_02086	1
DEMO_02087	1
DEMO_02088	1
DEMO_02089	1
DEMO_02090	1
DEMO_02091	1
DEMO_02092	1
DEMO_02093	1
DEMO_02094	1
DEMO_02095	1
DEMO_02096	1
DEMO_02097	1
DEMO_02098	1
DEMO_02099	1
DEMO_02100	1
DEMO_02101	1
DEMO_02102	1
DEMO_02103	1
DEMO_02104	1
DEMO_02105	1
DEMO_02106	1
DEMO_02107	1
DEMO_02108	1
DEMO_02109	1
DEMO_02110	1
DEMO_02111	1
DEMO_02112	1
DEMO_02113	1
DEMO_02114	1
DEMO_02115	1
DEMO_02116	1
DEMO_02117	1
DEMO_02118	1
DEMO_02119	1
DEMO_02120	1
DEMO_02121	1
DEMO_02122	1
DEMO_02123	1
DEMO_02124	1
DEMO_02125	1
DEMO_02126	1
DEMO_02127	1
DEMO_02128	1
DEMO_02129	1
DEMO_02130	1
DEMO_02131	1
DEMO_02132	1
DEMO_02133	1
DEMO_02134	1
DEMO_02135	1
DEMO_02136	1
DEMO_02137	1
DEMO_02138	1
DEMO_02139	1
DEMO_02140	1
DEMO_02141	1
DEMO_02142	1
DEMO_02143	1
DEMO_02144	1
DEMO_02145	1
DEMO_02146	1
DEMO_02147	1
DEMO_02148	1
DEMO_02149	1
DEMO_02150	1
DEMO_02151	1
DEMO_02152	1
DEMO_02153	1
DEMO_02154	1
DEMO_02155	1
DEMO_02156	1
DEMO_02157	1
DEMO_02158	1
DEMO_02159	1
DEMO_02160	1
DEMO_02161	1
DEMO_02162	1
DEMO_02163	1
DEMO_02164	1
DEMO_02165	1
DEMO_02166	1
DEMO_02167	1
DEMO_02168	1
DEMO_02169	1
DEMO_02170	1
DEMO_02171	1
DEMO_02172	1
DEMO_02173	1
DEMO_02174	1
DEMO_02175	1
DEMO_02176	1
DEMO_02177	1
DEMO_02178	1
DEMO_02179	1
DEMO_02180	1
DEMO_02181	1
DEMO_02182	1
DEMO_02183	1
DEMO_02184	1
DEMO_02185	1
DEMO_02186	1
DEMO_02187	1
DEMO_02188	1
DEMO_02189	1
DEMO_02190	1
DEMO_02191	1
DEMO_02192	1
DEMO_02193	1
DEMO_02194	1
DEMO_02195	1
DEMO_02196	1
DEMO_02197	1
DEMO_02198	1
DEMO_02199	1
DEMO_02200	1
DEMO_02201	1
DEMO_02202	1
DEMO_02203	1
DEMO_02204	1
DEMO_02205	1
DEMO_02206	1
DEMO_02207	1
DEMO_02208	1
DEMO_02209	1
DEMO_02210	1
DEMO_02211	1
DEMO_02212	1
DEMO_02213	1
DEMO_02214	1
DEMO_02215	1
DEMO_02216	1
DEMO_02217	1
DEMO_02218	1
DEMO_02219	1
DEMO_02220	1
DEMO_02221	1
DEMO_02222	1
DEMO_02223	1
DEMO_02224	1
DEMO_02225	1
DEMO_02226	1
DEMO_02227	1
DEMO_02228	1
DEMO_02229	1
DEMO_02230	1
DEMO_02231	1
DEMO_02232	1
DEMO_02233	1
DEMO_02234	1
DEMO_02235	1
DEMO_02236	1
DEMO_02237	1
DEMO_02238	1
DEMO_02239	1
DEMO_02240	1
DEMO_02241	1
DEMO_02242	1
DEMO_02243	1
DEMO_02244	1
DEMO_02245	1
DEMO_02246	1
DEMO_02247	1
DEMO_02248	1
DEMO_02249	1
DEMO_02250	1
DEMO_02251	1
DEMO_02252	1
DEMO_02253	1
DEMO_02254	1
DEMO_02255	1
DEMO_02256	1
DEMO_02257	1
DEMO_02258	1
DEMO_02259	1
DEMO_02260	1
DEMO_02261	1
DEMO_02262	1
DEMO_02263	1
DEMO_02264	1
DEMO_02265	1
DEMO_02266	1
DEMO_02267	1
DEMO_02268	1
DEMO_02269	1
DEMO_02270	1
DEMO_02271	1
DEMO_02272	1
DEMO_02273	1
DEMO_02274	1
DEMO_02275	1
DEMO_02276	1
DEMO_02277	1
DEMO_02278	1
DEMO_02279	1
DEMO_02280	1
DEMO_02281	1
DEMO_02282	1
DEMO_02283	1
DEMO_02284	1
DEMO_02285	1
DEMO_02286	1
DEMO_02287	1
DEMO_02288	1
DEMO_02289	1
DEMO_02290	1
DEMO_02291	1
DEMO_02292	1
DEMO_02293	1
DEMO_02294	1
DEMO_02295	1
DEMO_02296	1
DEMO_02297	1
DEMO_02298	1
DEMO_02299	1
DEMO_02300	1
DEMO_02301	1
DEMO_02302	1
DEMO_02303	1
DEMO_02304	1
DEMO_02305	1
DEMO_02306	1
DEMO_02307	1
DEMO_02308	1
DEMO_02309	1
DEMO_02310	1
DEMO_02311	1
DEMO_02312	1
DEMO_02313	1
DEMO_02314	1
DEMO_02315	1
DEMO_02316	1
DEMO_02317	1
DEMO_02318	1
DEMO_02319	1
DEMO_02320	1
DEMO_02321	1
DEMO_02322	1
DEMO_02323	1
DEMO_02324	1
DEMO_02325	1
DEMO_02326	1
DEMO_02327	1
DEMO_02328	1
DEMO_02329	1
DEMO_02330	1
DEMO_02331	1
DEMO_02332	1
DEMO_02333	1
DEMO_02334	1
DEMO_02335	1
DEMO_02336	1
DEMO_02337	1
DEMO_02338	1
DEMO_02339	1
DEMO_02340	1
DEMO_02341	1
DEMO_02342	1
DEMO_02343	1
DEMO_02344	1
DEMO_02345	1
DEMO_02346	1
DEMO_02347	1
DEMO_02348	1
DEMO_02349	1
DEMO_02350	1
DEMO_02351	1
DEMO_02352	1
DEMO_02353	1
DEMO_02354	1
DEMO_02355	1
DEMO_02356	1
DEMO_02357	1
DEMO_02358	1
DEMO_02359	1
DEMO_02360	1
DEMO_02361	1
DEMO_02362	1
DEMO_02363	1
DEMO_02364	1
DEMO_02365	1
DEMO_02366	1
DEMO_02367	1
DEMO_02368	1
DEMO_02369	1
DEMO_02370	1
DEMO_02371	1
DEMO_02372	1
DEMO_02373	1
DEMO_02374	1
DEMO_02375	1
DEMO_02376	1
DEMO_02377	1
DEMO_02378	1
DEMO_02379	1
DEMO_02380	1
DEMO_02381	1
DEMO_02382	1
DEMO_02383	1
DEMO_02384	1
DEMO_02385	1
DEMO_02386	1
DEMO_02387	1
DEMO_02388	1
DEMO_02389	1
DEMO_02390	1
DEMO_02391	1
DEMO_02392	1
DEMO_02393	1
DEMO_02394	1
DEMO_02395	1
DEMO_02396	1
DEMO_02397	1
DEMO_02398	1
DEMO_02399	1
DEMO_02400	1
DEMO_02401	1
DEMO_02402	1
DEMO_02403	1
DEMO_02404	1
DEMO_02405	1
DEMO_02406	1
DEMO_02407	1
DEMO_02408	1
DEMO_02409	1
DEMO_02410	1
DEMO_02411	1
DEMO_02412	1
DEMO_02413	1
DEMO_02414	1
DEMO_02415	1
DEMO_02416	1
DEMO_02417	1
DEMO_02418	1
DEMO_02419	1
DEMO_02420	1
DEMO_02421	1
DEMO_02422	1
DEMO_02423	1
DEMO_02424	1
DEMO_02425	1
DEMO_02426	1
DEMO_02427	1
DEMO_02428	1
DEMO_02429	1
DEMO_02430	1
DEMO_02431	1
DEMO_02432	1
DEMO_02433	1
DEMO_02434	1
DEMO_02435	1
DEMO_02436	1
DEMO_02437	1
DEMO_02438	1
DEMO_02439	1
DEMO_02440	1
DEMO_02441	1
DEMO_02442	1
DEMO_02443	1
DEMO_02444	1
DEMO_02445	1
DEMO_02446	1
DEMO_02447	1
DEMO_02448	1
DEMO_02449	1
DEMO_02450	1
DEMO_02451	1
DEMO_02452	1
DEMO_02453	1
DEMO_02454	1
DEMO_02455	1
DEMO_02456	1
DEMO_02457	1
DEMO_02458	1
DEMO_02459	1
DEMO_02460	1
DEMO_02461	1
DEMO_02462	1
DEMO_02463	1
DEMO_02464	1
DEMO_02465	1
DEMO_02466	1
DEMO_02467	1
DEMO_02468	1
DEMO_02469	1
DEMO_02470	1
DEMO_02471	1
DEMO_02472	1
DEMO_02473	1
DEMO_02474	1
DEMO_02475	1
DEMO_02476	1
DEMO_02477	1
DEMO_02478	1
DEMO_02479	1
DEMO_02480	1
DEMO_02481	1
DEMO_02482	1
DEMO_02483	1
DEMO_02484	1
DEMO_02485	1
DEMO_02486	1
DEMO_02487	1
DEMO_02488	1
DEMO_02489	1
DEMO_02490	1
DEMO_02491	1
DEMO_02492	1
DEMO_02493	1
DEMO_02494	1
DEMO_02495	1
DEMO_02496	1
DEMO_02497	1
DEMO_02498	1
DEMO_02499	1
DEMO_02500	1
DEMO_02501	1
DEMO_02502	1
DEMO_02503	1
DEMO_02504	1
DEMO_02505	1
DEMO_02506	1
DEMO_02507	1
DEMO_02508	1
DEMO_02509	1
DEMO_02510	1
DEMO_02511	1
DEMO_02512	1
DEMO_02513	1
DEMO_02514	1
DEMO_02515	1
DEMO_02516	1
DEMO_02517	1
DEMO_02518	1
DEMO_02519	1
DEMO_02520	1
DEMO_02521	1
DEMO_02522	1
DEMO_02523	1
DEMO_02524	1
DEMO_02525	1
DEMO_02526	1
DEMO_02527	1
DEMO_02528	1
DEMO_02529	1
DEMO_02530	1
DEMO_02531	1
DEMO_02532	1
DEMO_02533	1
DEMO_02534	1
DEMO_02535	1
DEMO_02536	1
DEMO_02537	1
DEMO_02538	1
DEMO_02539	1
DEMO_02540	1
DEMO_02541	1
DEMO_02542	1
DEMO_02543	1
DEMO_02544	1
DEMO_02545	1
DEMO_02546	1
DEMO_02547	1
DEMO_02548	1
DEMO_02549	1
DEMO_02550	1
DEMO_02551	1
DEMO_02552	1
DEMO_02553	1
DEMO_02554	1
DEMO_02555	1
DEMO_02556	1
DEMO_02557	1
DEMO_02558	1
DEMO_02559	1
DEMO_02560	1
DEMO_02561	1
DEMO_02562	1
DEMO_02563	1
DEMO_02564	1
DEMO_02565	1
DEMO_02566	1
DEMO_02567	1
DEMO_02568	1
DEMO_02569	1
DEMO_02570	1
DEMO_02571	1
DEMO_02572	1
DEMO_02573	1
DEMO_02574	1
DEMO_02575	1
DEMO_02576	1
DEMO_02577	1
DEMO_02578	1
DEMO_02579	1
DEMO_02580	1
DEMO_02581	1
DEMO_02582	1
DEMO_02583	1
DEMO_02584	1
DEMO_02585	1
DEMO_02586	1
DEMO_02587	1
DEMO_02588	1
DEMO_02589	1
DEMO_02590	1
DEMO_02591	1
DEMO_02592	1
DEMO_02593	1
DEMO_02594	1
DEMO_02595	1
DEMO_02596	1
DEMO_02597	1
DEMO_02598	1
DEMO_02599	1
DEMO_02600	1
DEMO_02601	1
DEMO_02602	1
DEMO_02603	1
DEMO_02604	1
DEMO_02605	1
DEMO_02606	1
DEMO_02607	1
DEMO_02608	1
DEMO_02609	1
DEMO_02610	1
DEMO_02611	1
DEMO_02612	1
DEMO_02613	1
DEMO_02614	1
DEMO_02615	1
DEMO_02616	1
DEMO_02617	1
DEMO_02618	1
DEMO_02619	1
DEMO_02620	1
DEMO_02621	1
DEMO_02622	1
DEMO_02623	1
DEMO_02624	1
DEMO_02625	1
DEMO_02626	1
DEMO_02627	1
DEMO_02628	1
DEMO_02629	1
DEMO_02630	1
DEMO_02631	1
DEMO_02632	1
DEMO_02633	1
DEMO_02634	1
DEMO_02635	1
DEMO_02636	1
DEMO_02637	1
DEMO_02638	1
DEMO_02639	1
DEMO_02640	1
DEMO_02641	1
DEMO_02642	1
DEMO_02643	1
DEMO_02644	1
DEMO_02645	1
DEMO_02646	1
DEMO_02647	1
DEMO_02648	1
DEMO_02649	1
DEMO_02650	1
DEMO_02651	1
DEMO_02652	1
DEMO_02653	1
DEMO_02654	1
DEMO_02655	1
DEMO_02656	1
DEMO_02657	1
DEMO_02658	1
DEMO_02659	1
DEMO_02660	1
DEMO_02661	1
DEMO_02662	1
DEMO_02663	1
DEMO_02664	1
DEMO_02665	1
DEMO_02666	1
DEMO_02667	1
DEMO_02668	1
DEMO_02669	1
DEMO_02670	1
DEMO_02671	1
DEMO_02672	1
DEMO_02673	1
DEMO_02674	1
DEMO_02675	1
DEMO_02676	1
DEMO_02677	1
DEMO_02678	1
DEMO_02679	1
DEMO_02680	1
DEMO_02681	1
DEMO_02682	1
DEMO_02683	1
DEMO_02684	1
DEMO_02685	1
DEMO_02686	1
DEMO_02687	1
DEMO_02688	1
DEMO_02689	1
DEMO_02690	1
DEMO_02691	1
DEMO_02692	1
DEMO_02693	1
DEMO_02694	1
DEMO_02695	1
DEMO_02696	1
DEMO_02697	1
DEMO_02698	1
DEMO_02699	1
DEMO_02700	1
DEMO_02701	1
DEMO_02702	1
DEMO_02703	1
DEMO_02704	1
DEMO_02705	1
DEMO_02706	1
DEMO_02707	1
DEMO_02708	1
DEMO_02709	1
DEMO_02710	1
DEMO_02711	1
DEMO_02712	1
DEMO_02713	1
DEMO_02714	1
DEMO_02715	1
DEMO_02716	1
DEMO_02717	1
DEMO_02718	1
DEMO_02719	1
DEMO_02720	1
DEMO_02721	1
DEMO_02722	1
DEMO_02723	1
DEMO_02724	1
DEMO_02725	1
DEMO_02726	1
DEMO_02727	1
DEMO_02728	1
DEMO_02729	1
DEMO_02730	1
DEMO_02731	1
DEMO_02732	1
DEMO_02733	1
DEMO_02734	1
DEMO_02735	1
DEMO_02736	1
DEMO_02737	1
DEMO_02738	1
DEMO_02739	1
DEMO_02740	1
DEMO_02741	1
DEMO_02742	1
DEMO_02743	1
DEMO_02744	1
DEMO_02745	1
DEMO_02746	1
DEMO_02747	1
DEMO_02748	1
DEMO_02749	1
DEMO_02750	1
DEMO_02751	1
DEMO_02752	1
DEMO_02753	1
DEMO_02754	1
DEMO_02755	1
DEMO_02756	1
DEMO_02757	1
DEMO_02758	1
DEMO_02759	1
DEMO_02760	1
DEMO_02761	1
DEMO_02762	1
DEMO_02763	1
DEMO_02764	1
DEMO_02765	1
DEMO_02766	1
DEMO_02767	1
DEMO_02768	1
DEMO_02769	1
DEMO_02770	1
DEMO_02771	1
DEMO_02772	1
DEMO_02773	1
DEMO_02774	1
DEMO_02775	1
DEMO_02776	1
DEMO_02777	1
DEMO_02778	1
DEMO_02779	1
DEMO_02780	1
DEMO_02781	1
DEMO_02782	1
DEMO_02783	1
DEMO_02784	1
DEMO_02785	1
DEMO_02786	1
DEMO_02787	1
DEMO_02788	1
DEMO_02789	1
DEMO_02790	1
DEMO_02791	1
DEMO_02792	1
DEMO_02793	1
DEMO_02794	1
DEMO_02795	1
DEMO_02796	1
DEMO_02797	1
DEMO_02798	1
DEMO_02799	1
DEMO_02800	1
DEMO_02801	1
DEMO_02802	1
DEMO_02803	1
DEMO_02804	1
DEMO_02805	1
DEMO_02806	1
DEMO_02807	1
DEMO_02808	1
DEMO_02809	1
DEMO_02810	1
DEMO_02811	1
DEMO_02812	1
DEMO_02813	1
DEMO_02814	1
DEMO_02815	1
DEMO_02816	1
DEMO_02817	1
DEMO_02818	1
DEMO_02819	1
DEMO_02820	1
DEMO_02821	1
DEMO_02822	1
DEMO_02823	1
DEMO_02824	1
DEMO_02825	1
DEMO_02826	1
DEMO_02827	1
DEMO_02828	1
DEMO_02829	1
DEMO_02830	1
DEMO_02831	1
DEMO_02832	1
DEMO_02833	1
DEMO_02834	1
DEMO_02835	1
DEMO_02836	1
DEMO_02837	1
DEMO_02838	1
DEMO_02839	1
DEMO_02840	1
DEMO_02841	1
DEMO_02842	1
DEMO_02843	1
DEMO_02844	1
DEMO_02845	1
DEMO_02846	1
DEMO_02847	1
DEMO_02848	1
DEMO_02849	1
DEMO_02850	1
DEMO_02851	1
DEMO_02852	1
DEMO_02853	1
DEMO_02854	1
DEMO_02855	1
DEMO_02856	1
DEMO_02857	1
DEMO_02858	1
DEMO_02859	1
DEMO_02860	1
DEMO_02861	1
DEMO_02862	1
DEMO_02863	1
DEMO_02864	1
DEMO_02865	1
DEMO_02866	1
DEMO_02867	1
DEMO_02868	1
DEMO_02869	1
DEMO_02870	1
DEMO_02871	1
DEMO_02872	1
DEMO_02873	1
DEMO_02874	1
DEMO_02875	1
DEMO_02876	1
DEMO_02877	1
DEMO_02878	1
DEMO_02879	1
DEMO_02880	1
DEMO_02881	1
DEMO_02882	1
DEMO_02883	1
DEMO_02884	1
DEMO_02885	1
DEMO_02886	1
DEMO_02887	1
DEMO_02888	1
DEMO_02889	1
DEMO_02890	1
DEMO_02891	1
DEMO_02892	1
DEMO_02893	1
DEMO_02894	1
DEMO_02895	1
DEMO_02896	1
DEMO_02897	1
DEMO_02898	1
DEMO_02899	1
DEMO_02900	1
DEMO_02901	1
DEMO_02902	1
DEMO_02903	1
DEMO_02904	1
DEMO_02905	1
DEMO_02906	1
DEMO_02907	1
DEMO_02908	1
DEMO_02909	1
DEMO_02910	1
DEMO_02911	1
DEMO_02912	1
DEMO_02913	1
DEMO_02914	1
DEMO_02915	1
DEMO_02916	1
DEMO_02917	1
DEMO_02918	1
DEMO_02919	1
DEMO_02920	1
DEMO_02921	1
DEMO_02922	1
DEMO_02923	1
DEMO_02924	1
DEMO_02925	1
DEMO_02926	1
DEMO_02927	1
DEMO_02928	1
DEMO_02929	1
DEMO_02930	1
DEMO_02931	1
DEMO_02932	1
DEMO_02933	1
DEMO_02934	1
DEMO_02935	1
DEMO_02936	1
DEMO_02937	1
DEMO_02938	1
DEMO_02939	1
DEMO_02940	1
DEMO_02941	1
DEMO_02942	1
DEMO_02943	1
DEMO_02944	1
DEMO_02945	1
DEMO_02946	1
DEMO_02947	1
DEMO_02948	1
DEMO_02949	1
DEMO_02950	1
DEMO_02951	1
DEMO_02952	1
DEMO_02953	1
DEMO_02954	1
DEMO_02955	1
DEMO_02956	1
DEMO_02957	1
DEMO_02958	1
DEMO_02959	1
DEMO_02960	1
DEMO_02961	1
DEMO_02962	1
DEMO_02963	1
DEMO_02964	1
DEMO_02965	1
DEMO_02966	1
DEMO_02967	1
DEMO_02968	1
DEMO_02969	1
DEMO_02970	1
DEMO_02971	1
DEMO_02972	1
DEMO_02973	1
DEMO_02974	1
DEMO_02975	1
DEMO_02976	1
DEMO_02977	1
DEMO_02978	1
DEMO_02979	1
DEMO_02980	1
DEMO_02981	1
DEMO_02982	1
DEMO_02983	1
DEMO_02984	1
DEMO_02985	1
DEMO_02986	1
DEMO_02987	1
DEMO_02988	1
DEMO_02989	1
DEMO_02990	1
DEMO_02991	1
DEMO_02992	1
DEMO_02993	1
DEMO_02994	1
DEMO_02995	1
DEMO_02996	1
DEMO_02997	1
DEMO_02998	1
DEMO_02999	1
DEMO_03000	1
DEMO_03001	1
DEMO_03002	1
DEMO_03003	1
DEMO_03004	1
DEMO_03005	1
DEMO_03006	1
DEMO_03007	1
DEMO_03008	1
DEMO_03009	1
DEMO_03010	1
DEMO_03011	1
DEMO_03012	1
DEMO_03013	1
DEMO_03014	1
DEMO_03015	1
DEMO_03016	1
DEMO_03017	1
DEMO_03018	1
DEMO_03019	1
DEMO_03020	1
DEMO_03021	1
DEMO_03022	1
DEMO_03023	1
DEMO_03024	1
DEMO_03025	1
DEMO_03026	1
DEMO_03027	1
DEMO_03028	1
DEMO_03029	1
DEMO_03030	1
DEMO_03031	1
DEMO_03032	1
DEMO_03033	1
DEMO_03034	1
DEMO_03035	1
DEMO_03036	1
DEMO_03037	1
DEMO_03038	1
DEMO_03039	1
DEMO_03040	1
DEMO_03041	1
DEMO_03042	1
DEMO_03043	1
DEMO_03044	1
DEMO_03045	1
DEMO_03046	1
DEMO_03047	1
DEMO_03048	1
DEMO_03049	1
DEMO_03050	1
DEMO_03051	1
DEMO_03052	1
DEMO_03053	1
DEMO_03054	1
DEMO_03055	1
DEMO_03056	1
DEMO_03057	1
DEMO_03058	1
DEMO_03059	1
DEMO_03060	1
DEMO_03061	1
DEMO_03062	1
DEMO_03063	1
DEMO_03064	1
DEMO_03065	1
DEMO_03066	1
DEMO_03067	1
DEMO_03068	1
DEMO_03069	1
DEMO_03070	1
DEMO_03071	1
DEMO_03072	1
DEMO_03073	1
DEMO_03074	1
DEMO_03075	1
DEMO_03076	1
DEMO_03077	1
DEMO_03078	1
DEMO_03079	1
DEMO_03080	1
DEMO_03081	1
DEMO_03082	1
DEMO_03083	1
DEMO_03084	1
DEMO_03085	1
DEMO_03086	1
DEMO_03087	1
DEMO_03088	1
DEMO_03089	1
DEMO_03090	1
DEMO_03091	1
DEMO_03092	1
DEMO_03093	1
DEMO_03094	1
DEMO_03095	1
DEMO_03096	1
DEMO_03097	1
DEMO_03098	1
DEMO_03099	1
DEMO_03100	1
DEMO_03101	1
DEMO_03102	1
DEMO_03103	1
DEMO_03104	1
DEMO_03105	1
DEMO_03106	1
DEMO_03107	1
DEMO_03108	1
DEMO_03109	1
DEMO_03110	1
DEMO_03111	1
DEMO_03112	1
DEMO_03113	1
DEMO_03114	1
DEMO_03115	1
DEMO_03116	1
DEMO_03117	1
DEMO_03118	1
DEMO_03119	1
DEMO_03120	1
DEMO_03121	1
DEMO_03122	1
DEMO_03123	1
DEMO_03124	1
DEMO_03125	1
DEMO_03126	1
DEMO_03127	1
DEMO_03128	1
DEMO_03129	1
DEMO_03130	1
DEMO_03131	1
DEMO_03132	1
DEMO_03133	1
DEMO_03134	1
DEMO_03135	1
DEMO_03136	1
DEMO_03137	1
DEMO_03138	1
DEMO_03139	1
DEMO_03140	1
DEMO_03141	1
DEMO_03142	1
DEMO_03143	1
DEMO_03144	1
DEMO_03145	1
DEMO_03146	1
DEMO_03147	1
DEMO_03148	1
DEMO_03149	1
DEMO_03150	1
DEMO_03151	1
DEMO_03152	1
DEMO_03153	1
DEMO_03154	1
DEMO_03155	1
DEMO_03156	1
DEMO_03157	1
DEMO_03158	1
DEMO_03159	1
DEMO_03160	1
DEMO_03161	1
DEMO_03162	1
DEMO_03163	1
DEMO_03164	1
DEMO_03165	1
DEMO_03166	1
DEMO_03167	1
DEMO_03168	1
DEMO_03169	1
DEMO_03170	1
DEMO_03171	1
DEMO_03172	1
DEMO_03173	1
DEMO_03174	1
DEMO_03175	1
DEMO_03176	1
DEMO_03177	1
DEMO_03178	1
DEMO_03179	1
DEMO_03180	1
DEMO_03181	1
DEMO_03182	1
DEMO_03183	1
DEMO_03184	1
DEMO_03185	1
DEMO_03186	1
DEMO_03187	1
DEMO_03188	1
DEMO_03189	1
DEMO_03190	1
DEMO_03191	1
DEMO_03192	1
DEMO_03193	1
DEMO_03194	1
DEMO_03195	1
DEMO_03196	1
DEMO_03197	1
DEMO_03198	1
DEMO_03199	1
DEMO_03200	1
DEMO_03201	1
DEMO_03202	1
DEMO_03203	1
DEMO_03204	1
DEMO_03205	1
DEMO_03206	1
DEMO_03207	1
DEMO_03208	1
DEMO_03209	1
DEMO_03210	1
DEMO_03211	1
DEMO_03212	1
DEMO_03213	1
DEMO_03214	1
DEMO_03215	1
DEMO_03216	1
DEMO_03217	1
DEMO_03218	1
DEMO_03219	1
DEMO_03220	1
DEMO_03221	1
DEMO_03222	1
DEMO_03223	1
DEMO_03224	1
DEMO_03225	1
DEMO_03226	1
DEMO_03227	1
DEMO_03228	1
DEMO_03229	1
DEMO_03230	1
DEMO_03231	1
DEMO_03232	1
DEMO_03233	1
DEMO_03234	1
DEMO_03235	1
DEMO_03236	1
DEMO_03237	1
DEMO_03238	1
DEMO_03239	1
DEMO_03240	1
DEMO_03241	1
DEMO_03242	1
DEMO_03243	1
DEMO_03244	1
DEMO_03245	1
DEMO_03246	1
DEMO_03247	1
DEMO_03248	1
DEMO_03249	1
DEMO_03250	1
DEMO_03251	1
DEMO_03252	1
DEMO_03253	1
DEMO_03254	1
DEMO_03255	1
DEMO_03256	1
DEMO_03257	1
DEMO_03258	1
DEMO_03259	1
DEMO_03260	1
DEMO_03261	1
DEMO_03262	1
DEMO_03263	1
DEMO_03264	1
DEMO_03265	1
DEMO_03266	1
DEMO_03267	1
DEMO_03268	1
DEMO_03269	1
DEMO_03270	1
DEMO_03271	1
DEMO_03272	1
DEMO_03273	1
DEMO_03274	1
DEMO_03275	1
DEMO_03276	1
DEMO_03277	1
DEMO_03278	1
DEMO_03279	1
DEMO_03280	1
DEMO_03281	1
DEMO_03282	1
DEMO_03283	1
DEMO_03284	1
DEMO_03285	1
DEMO_03286	1
DEMO_03287	1
DEMO_03288	1
DEMO_03289	1
DEMO_03290	1
DEMO_03291	1
DEMO_03292	1
DEMO_03293	1
DEMO_03294	1
DEMO_03295	1
DEMO_03296	1
DEMO_03297	1
DEMO_03298	1
DEMO_03299	1
DEMO_03300	1
DEMO_03301	1
DEMO_03302	1
DEMO_03303	1
DEMO_03304	1
DEMO_03305	1
DEMO_03306	1
DEMO_03307	1
DEMO_03308	1
DEMO_03309	1
DEMO_03310	1
DEMO_03311	1
DEMO_03312	1
DEMO_03313	1
DEMO_03314	1
DEMO_03315	1
DEMO_03316	1
DEMO_03317	1
DEMO_03318	1
DEMO_03319	1
DEMO_03320	1
DEMO_03321	1
DEMO_03322	1
DEMO_03323	1
DEMO_03324	1
DEMO_03325	1
DEMO_03326	1
DEMO_03327	1
DEMO_03328	1
DEMO_03329	1
DEMO_03330	1
DEMO_03331	1
DEMO_03332	1
DEMO_03333	1
DEMO_03334	1
DEMO_03335	1
DEMO_03336	1
DEMO_03337	1
DEMO_03338	1
DEMO_03339	1
DEMO_03340	1
DEMO_03341	1
DEMO_03342	1
DEMO_03343	1
DEMO_03344	1
DEMO_03345	1
DEMO_03346	1
DEMO_03347	1
DEMO_03348	1
DEMO_03349	1
DEMO_03350	1
DEMO_03351	1
DEMO_03352	1
DEMO_03353	1
DEMO_03354	1
DEMO_03355	1
DEMO_03356	1
DEMO_03357	1
DEMO_03358	1
DEMO_03359	1
DEMO_03360	1
DEMO_03361	1
DEMO_03362	1
DEMO_03363	1
DEMO_03364	1
DEMO_03365	1
DEMO_03366	1
DEMO_03367	1
DEMO_03368	1
DEMO_03369	1
DEMO_03370	1
DEMO_03371	1
DEMO_03372	1
DEMO_03373	1
DEMO_03374	1
DEMO_03375	1
DEMO_03376	1
DEMO_03377	1
DEMO_03378	1
DEMO_03379	1
DEMO_03380	1
DEMO_03381	1
DEMO_03382	1
DEMO_03383	1
DEMO_03384	1
DEMO_03385	1
DEMO_03386	1
DEMO_03387	1
DEMO_03388	1
DEMO_03389	1
DEMO_03390	1
DEMO_03391	1
DEMO_03392	1
DEMO_03393	1
DEMO_03394	1
DEMO_03395	1
DEMO_03396	1
DEMO_03397	1
DEMO_03398	1
DEMO_03399	1
DEMO_03400	1
DEMO_03401	1
DEMO_03402	1
DEMO_03403	1
DEMO_03404	1
DEMO_03405	1
DEMO_03406	1
DEMO_03407	1
DEMO_03408	1
DEMO_03409	1
DEMO_03410	1
DEMO_03411	1
DEMO_03412	1
DEMO_03413	1
DEMO_03414	1
DEMO_03415	1
DEMO_03416	1
DEMO_03417	1
DEMO_03418	1
DEMO_03419	1
DEMO_03420	1
DEMO_03421	1
DEMO_03422	1
DEMO_03423	1
DEMO_03424	1
DEMO_03425	1
DEMO_03426	1
DEMO_03427	1
DEMO_03428	1
DEMO_03429	1
DEMO_03430	1
DEMO_03431	1
DEMO_03432	1
DEMO_03433	1
DEMO_03434	1
DEMO_03435	1
DEMO_03436	1
DEMO_03437	1
DEMO_03438	1
DEMO_03439	1
DEMO_03440	1
DEMO_03441	1
DEMO_03442	1
DEMO_03443	1
DEMO_03444	1
DEMO_03445	1
DEMO_03446	1
DEMO_03447	1
DEMO_03448	1
DEMO_03449	1
DEMO_03450	1
DEMO_03451	1
DEMO_03452	1
DEMO_03453	1
DEMO_03454	1
DEMO_03455	1
DEMO_03456	1
DEMO_03457	1
DEMO_03458	1
DEMO_03459	1
DEMO_03460	1
DEMO_03461	1
DEMO_03462	1
DEMO_03463	1
DEMO_03464	1
DEMO_03465	1
DEMO_03466	1
DEMO_03467	1
DEMO_03468	1
DEMO_03469	1
DEMO_03470	1
DEMO_03471	1
DEMO_03472	1
DEMO_03473	1
DEMO_03474	1
DEMO_03475	1
DEMO_03476	1
DEMO_03477	1
DEMO_03478	1
DEMO_03479	1
DEMO_03480	1
DEMO_03481	1
DEMO_03482	1
DEMO_03483	1
DEMO_03484	1
DEMO_03485	1
DEMO_03486	1
DEMO_03487	1
DEMO_03488	1
DEMO_03489	1
DEMO_03490	1
DEMO_03491	1
DEMO_03492	1
DEMO_03493	1
DEMO_03494	1
DEMO_03495	1
DEMO_03496	1
DEMO_03497	1
DEMO_03498	1
DEMO_03499	1
DEMO_03500	1
DEMO_03501	1
DEMO_03502	1
DEMO_03503	1
DEMO_03504	1
DEMO_03505	1
DEMO_03506	1
DEMO_03507	1
DEMO_03508	1
DEMO_03509	1
DEMO_03510	1
DEMO_03511	1
DEMO_03512	1
DEMO_03513	1
DEMO_03514	1
DEMO_03515	1
DEMO_03516	1
DEMO_03517	1
DEMO_03518	1
DEMO_03519	1
DEMO_03520	1
DEMO_03521	1
DEMO_03522	1
DEMO_03523	1
DEMO_03524	1
DEMO_03525	1
DEMO_03526	1
DEMO_03527	1
DEMO_03528	1
DEMO_03529	1
DEMO_03530	1
DEMO_03531	1
DEMO_03532	1
DEMO_03533	1
DEMO_03534	1
DEMO_03535	1
DEMO_03536	1
DEMO_03537	1
DEMO_03538	1
DEMO_03539	1
DEMO_03540	1
DEMO_03541	1
DEMO_03542	1
DEMO_03543	1
DEMO_03544	1
DEMO_03545	1
DEMO_03546	1
DEMO_03547	1
DEMO_03548	1
DEMO_03549	1
DEMO_03550	1
DEMO_03551	1
DEMO_03552	1
DEMO_03553	1
DEMO_03554	1
DEMO_03555	1
DEMO_03556	1
DEMO_03557	1
DEMO_03558	1
DEMO_03559	1
DEMO_03560	1
DEMO_03561	1
DEMO_03562	1
DEMO_03563	1
DEMO_03564	1
DEMO_03565	1
DEMO_03566	1
DEMO_03567	1
DEMO_03568	1
DEMO_03569	1
DEMO_03570	1
DEMO_03571	1
DEMO_03572	1
DEMO_03573	1
DEMO_03574	1
DEMO_03575	1
DEMO_03576	1
DEMO_03577	1
DEMO_03578	1
DEMO_03579	1
DEMO_03580	1
DEMO_03581	1
DEMO_03582	1
DEMO_03583	1
DEMO_03584	1
DEMO_03585	1
DEMO_03586	1
DEMO_03587	1
DEMO_03588	1
DEMO_03589	1
DEMO_03590	1
DEMO_03591	1
DEMO_03592	1
DEMO_03593	1
DEMO_03594	1
DEMO_03595	1
DEMO_03596	1
DEMO_03597	1
DEMO_03598	1
DEMO_03599	1
DEMO_03600	1
DEMO_03601	1
DEMO_03602	1
DEMO_03603	1
DEMO_03604	1
DEMO_03605	1
DEMO_03606	1
DEMO_03607	1
DEMO_03608	1
DEMO_03609	1
DEMO_03610	1
DEMO_03611	1
DEMO_03612	1
DEMO_03613	1
DEMO_03614	1
DEMO_03615	1
DEMO_03616	1
DEMO_03617	1
DEMO_03618	1
DEMO_03619	1
DEMO_03620	1
DEMO_03621	1
DEMO_03622	1
DEMO_03623	1
DEMO_03624	1
DEMO_03625	1
DEMO_03626	1
DEMO_03627	1
DEMO_03628	1
DEMO_03629	1
DEMO_03630	1
DEMO_03631	1
DEMO_03632	1
DEMO_03633	1
DEMO_03634	1
DEMO_03635	1
DEMO_03636	1
DEMO_03637	1
DEMO_03638	1
DEMO_03639	1
DEMO_03640	1
DEMO_03641	1
DEMO_03642	1
DEMO_03643	1
DEMO_03644	1
DEMO_03645	1
DEMO_03646	1
DEMO_03647	1
DEMO_03648	1
DEMO_03649	1
DEMO_03650	1
DEMO_03651	1
DEMO_03652	1
DEMO_03653	1
DEMO_03654	1
DEMO_03655	1
DEMO_03656	1
DEMO_03657	1
DEMO_03658	1
DEMO_03659	1
DEMO_03660	1
DEMO_03661	1
DEMO_03662	1
DEMO_03663	1
DEMO_03664	1
DEMO_03665	1
DEMO_03666	1
DEMO_03667	1
DEMO_03668	1
DEMO_03669	1
DEMO_03670	1
DEMO_03671	1
DEMO_03672	1
DEMO_03673	1
DEMO_03674	1
DEMO_03675	1
DEMO_03676	1
DEMO_03677	1
DEMO_03678	1
DEMO_03679	1
DEMO_03680	1
DEMO_03681	1
DEMO_03682	1
DEMO_03683	1
DEMO_03684	1
DEMO_03685	1
DEMO_03686	1
DEMO_03687	1
DEMO_03688	1
DEMO_03689	1
DEMO_03690	1
DEMO_03691	1
DEMO_03692	1
DEMO_03693	1
DEMO_03694	1
DEMO_03695	1
DEMO_03696	1
DEMO_03697	1
DEMO_03698	1
DEMO_03699	1
DEMO_03700	1
DEMO_03701	1
DEMO_03702	1
DEMO_03703	1
DEMO_03704	1
DEMO_03705	1
DEMO_03706	1
DEMO_03707	1
DEMO_03708	1
DEMO_03709	1
DEMO_03710	1
DEMO_03711	1
DEMO_03712	1
DEMO_03713	1
DEMO_03714	1
DEMO_03715	1
DEMO_03716	1
DEMO_03717	1
DEMO_03718	1
DEMO_03719	1
DEMO_03720	1
DEMO_03721	1
DEMO_03722	1
DEMO_03723	1
DEMO_03724	1
DEMO_03725	1
DEMO_03726	1
DEMO_03727	1
DEMO_03728	1
DEMO_03729	1
DEMO_03730	1
DEMO_03731	1
DEMO_03732	1
DEMO_03733	1
DEMO_03734	1
DEMO_03735	1
DEMO_03736	1
DEMO_03737	1
DEMO_03738	1
DEMO_03739	1
DEMO_03740	1
DEMO_03741	1
DEMO_03742	1
DEMO_03743	1
DEMO_03744	1
DEMO_03745	1
DEMO_03746	1
DEMO_03747	1
DEMO_03748	1
DEMO_03749	1
DEMO_03750	1
DEMO_03751	1
DEMO_03752	1
DEMO_03753	1
DEMO_03754	1
DEMO_03755	1
DEMO_03756	1
DEMO_03757	1
DEMO_03758	1
DEMO_03759	1
DEMO_03760	1
DEMO_03761	1
DEMO_03762	1
DEMO_03763	1
DEMO_03764	1
DEMO_03765	1
DEMO_03766	1
DEMO_03767	1
DEMO_03768	1
DEMO_03769	1
DEMO_03770	1
DEMO_03771	1
DEMO_03772	1
DEMO_03773	1
DEMO_03774	1
DEMO_03775	1
DEMO_03776	1
DEMO_03777	1
DEMO_03778	1
DEMO_03779	1
DEMO_03780	1
DEMO_03781	1
DEMO_03782	1
DEMO_03783	1
DEMO_03784	1
DEMO_03785	1
DEMO_03786	1
DEMO_03787	1
DEMO_03788	1
DEMO_03789	1
DEMO_03790	1
DEMO_03791	1
DEMO_03792	1
DEMO_03793	1
DEMO_03794	1
DEMO_03795	1
DEMO_03796	1
DEMO_03797	1
DEMO_03798	1
DEMO_03799	1
DEMO_03800	1
DEMO_03801	1
DEMO_03802	1
DEMO_03803	1
DEMO_03804	1
DEMO_03805	1
DEMO_03806	1
DEMO_03807	1
DEMO_03808	1
DEMO_03809	1
DEMO_03810	1
DEMO_03811	1
DEMO_03812	1
DEMO_03813	1
DEMO_03814	1
DEMO_03815	1
DEMO_03816	1
DEMO_03817	1
DEMO_03818	1
DEMO_03819	1
DEMO_03820	1
DEMO_03821	1
DEMO_03822	1
DEMO_03823	1
DEMO_03824	1
DEMO_03825	1
DEMO_03826	1
DEMO_03827	1
DEMO_03828	1
DEMO_03829	1
DEMO_03830	1
DEMO_03831	1
DEMO_03832	1
DEMO_03833	1
DEMO_03834	1
DEMO_03835	1
DEMO_03836	1
DEMO_03837	1
DEMO_03838	1
DEMO_03839	1
DEMO_03840	1
DEMO_03841	1
DEMO_03842	1
DEMO_03843	1
DEMO_03844	1
DEMO_03845	1
DEMO_03846	1
DEMO_03847	1
DEMO_03848	1
DEMO_03849	1
DEMO_03850	1
DEMO_03851	1
DEMO_03852	1
DEMO_03853	1
DEMO_03854	1
DEMO_03855	1
DEMO_03856	1
DEMO_03857	1
DEMO_03858	1
DEMO_03859	1
DEMO_03860	1
DEMO_03861	1
DEMO_03862	1
DEMO_03863	1
DEMO_03864	1
DEMO_03865	1
DEMO_03866	1
DEMO_03867	1
DEMO_03868	1
DEMO_03869	1
DEMO_03870	1
DEMO_03871	1
DEMO_03872	1
DEMO_03873	1
DEMO_03874	1
DEMO_03875	1
DEMO_03876	1
DEMO_03877	1
DEMO_03878	1
DEMO_03879	1
DEMO_03880	1
DEMO_03881	1
DEMO_03882	1
DEMO_03883	1
DEMO_03884	1
DEMO_03885	1
DEMO_03886	1
DEMO_03887	1
DEMO_03888	1
DEMO_03889	1
DEMO_03890	1
DEMO_03891	1
DEMO_03892	1
DEMO_03893	1
DEMO_03894	1
DEMO_03895	1
DEMO_03896	1
DEMO_03897	1
DEMO_03898	1
DEMO_03899	1
DEMO_03900	1
DEMO_03901	1
DEMO_03902	1
DEMO_03903	1
DEMO_03904	1
DEMO_03905	1
DEMO_03906	1
DEMO_03907	1
DEMO_03908	1
DEMO_03909	1
DEMO_03910	1
DEMO_03911	1
DEMO_03912	1
DEMO_03913	1
DEMO_03914	1
DEMO_03915	1
DEMO_03916	1
DEMO_03917	1
DEMO_03918	1
DEMO_03919	1
DEMO_03920	1
DEMO_03921	1
DEMO_03922	1
DEMO_03923	1
DEMO_03924	1
DEMO_03925	1
DEMO_03926	1
DEMO_03927	1
DEMO_03928	1
DEMO_03929	1
DEMO_03930	1
DEMO_03931	1
DEMO_03932	1
DEMO_03933	1
DEMO_03934	1
DEMO_03935	1
DEMO_03936	1
DEMO_03937	1
DEMO_03938	1
DEMO_03939	1
DEMO_03940	1
DEMO_03941	1
DEMO_03942	1
DEMO_03943	1
DEMO_03944	1
DEMO_03945	1
DEMO_03946	1
DEMO_03947	1
DEMO_03948	1
DEMO_03949	1
DEMO_03950	1
DEMO_03951	1
DEMO_03952	1
DEMO_03953	1
DEMO_03954	1
DEMO_03955	1
DEMO_03956	1
DEMO_03957	1
DEMO_03958	1
DEMO_03959	1
DEMO_03960	1
DEMO_03961	1
DEMO_03962	1
DEMO_03963	1
DEMO_03964	1
DEMO_03965	1
DEMO_03966	1
DEMO_03967	1
DEMO_03968	1
DEMO_03969	1
DEMO_03970	1
DEMO_03971	1
DEMO_03972	1
DEMO_03973	1
DEMO_03974	1
DEMO_03975	1
DEMO_03976	1
DEMO_03977	1
DEMO_03978	1
DEMO_03979	1
DEMO_03980	1
DEMO_03981	1
DEMO_03982	1
DEMO_03983	1
DEMO_03984	1
DEMO_03985	1
DEMO_03986	1
DEMO_03987	1
DEMO_03988	1
DEMO_03989	1
DEMO_03990	1
DEMO_03991	1
DEMO_03992	1
DEMO_03993	1
DEMO_03994	1
DEMO_03995	1
DEMO_03996	1
DEMO_03997	1
DEMO_03998	1
DEMO_03999	1
DEMO_04000	1
DEMO_04001	1
DEMO_04002	1
DEMO_04003	1
DEMO_04004	1
DEMO_04005	1
DEMO_04006	1
DEMO_04007	1
DEMO_04008	1
DEMO_04009	1
DEMO_04010	1
DEMO_04011	1
DEMO_04012	1
DEMO_04013	1
DEMO_04014	1
DEMO_04015	1
DEMO_04016	1
DEMO_04017	1
DEMO_04018	1
DEMO_04019	1
DEMO_04020	1
DEMO_04021	1
DEMO_04022	1
DEMO_04023	1
DEMO_04024	1
DEMO_04025	1
DEMO_04026	1
DEMO_04027	1
DEMO_04028	1
DEMO_04029	1
DEMO_04030	1
DEMO_04031	1
DEMO_04032	1
DEMO_04033	1
DEMO_04034	1
DEMO_04035	1
DEMO_04036	1
DEMO_04037	1
DEMO_04038	1
DEMO_04039	1
DEMO_04040	1
DEMO_04041	1
DEMO_04042	1
DEMO_04043	1
DEMO_04044	1
DEMO_04045	1
DEMO_04046	1
DEMO_04047	1
DEMO_04048	1
DEMO_04049	1
DEMO_04050	1
DEMO_04051	1
DEMO_04052	1
DEMO_04053	1
DEMO_04054	1
DEMO_04055	1
DEMO_04056	1
DEMO_04057	1
DEMO_04058	1
DEMO_04059	1
DEMO_04060	1
DEMO_04061	1
DEMO_04062	1
DEMO_04063	1
DEMO_04064	1
DEMO_04065	1
DEMO_04066	1
DEMO_04067	1
DEMO_04068	1
DEMO_04069	1
DEMO_04070	1
DEMO_04071	1
DEMO_04072	1
DEMO_04073	1
DEMO_04074	1
DEMO_04075	1
DEMO_04076	1
DEMO_04077	1
DEMO_04078	1
DEMO_04079	1
DEMO_04080	1
DEMO_04081	1
DEMO_04082	1
DEMO_04083	1
DEMO_04084	1
DEMO_04085	1
DEMO_04086	1
DEMO_04087	1
DEMO_04088	1
DEMO_04089	1
DEMO_04090	1
DEMO_04091	1
DEMO_04092	1
DEMO_04093	1
DEMO_04094	1
DEMO_04095	1
DEMO_04096	1
DEMO_04097	1
DEMO_04098	1
DEMO_04099	1
DEMO_04100	1
DEMO_04101	1
DEMO_04102	1
DEMO_04103	1
DEMO_04104	1
DEMO_04105	1
DEMO_04106	1
DEMO_04107	1
DEMO_04108	1
DEMO_04109	1
DEMO_04110	1
DEMO_04111	1
DEMO_04112	1
DEMO_04113	1
DEMO_04114	1
DEMO_04115	1
DEMO_04116	1
DEMO_04117	1
DEMO_04118	1
DEMO_04119	1
DEMO_04120	1
DEMO_04121	1
DEMO_04122	1
DEMO_04123	1
DEMO_04124	1
DEMO_04125	1
DEMO_04126	1
DEMO_04127	1
DEMO_04128	1
DEMO_04129	1
DEMO_04130	1
DEMO_04131	1
DEMO_04132	1
DEMO_04133	1
DEMO_04134	1
DEMO_04135	1
DEMO_04136	1
DEMO_04137	1
DEMO_04138	1
DEMO_04139	1
DEMO_04140	1
DEMO_04141	1
DEMO_04142	1
DEMO_04143	1
DEMO_04144	1
DEMO_04145	1
DEMO_04146	1
DEMO_04147	1
DEMO_04148	1
DEMO_04149	1
DEMO_04150	1
DEMO_04151	1
DEMO_04152	1
DEMO_04153	1
DEMO_04154	1
DEMO_04155	1
DEMO_04156	1
DEMO_04157	1
DEMO_04158	1
DEMO_04159	1
DEMO_04160	1
DEMO_04161	1
DEMO_04162	1
DEMO_04163	1
DEMO_04164	1
DEMO_04165	1
DEMO_04166	1
DEMO_04167	1
DEMO_04168	1
DEMO_04169	1
DEMO_04170	1
DEMO_04171	1
DEMO_04172	1
DEMO_04173	1
DEMO_04174	1
DEMO_04175	1
DEMO_04176	1
DEMO_04177	1
DEMO_04178	1
DEMO_04179	1
DEMO_04180	1
DEMO_04181	1
DEMO_04182	1
DEMO_04183	1
DEMO_04184	1
DEMO_04185	1
DEMO_04186	1
DEMO_04187	1
DEMO_04188	1
DEMO_04189	1
DEMO_04190	1
DEMO_04191	1
DEMO_04192	1
DEMO_04193	1
DEMO_04194	1
DEMO_04195	1
DEMO_04196	1
DEMO_04197	1
DEMO_04198	1
DEMO_04199	1
DEMO_04200	1
DEMO_04201	1
DEMO_04202	1
DEMO_04203	1
DEMO_04204	1
DEMO_04205	1
DEMO_04206	1
DEMO_04207	1
DEMO_04208	1
DEMO_04209	1
DEMO_04210	1
DEMO_04211	1
DEMO_04212	1
DEMO_04213	1
DEMO_04214	1
DEMO_04215	1
DEMO_04216	1
DEMO_04217	1
DEMO_04218	1
DEMO_04219	1
DEMO_04220	1
DEMO_04221	1
DEMO_04222	1
DEMO_04223	1
DEMO_04224	1
DEMO_04225	1
DEMO_04226	1
DEMO_04227	1
DEMO_04228	1
DEMO_04229	1
DEMO_04230	1
DEMO_04231	1
DEMO_04232	1
DEMO_04233	1
DEMO_04234	1
DEMO_04235	1
DEMO_04236	1
DEMO_04237	1
DEMO_04238	1
DEMO_04239	1
DEMO_04240	1
DEMO_04241	1
DEMO_04242	1
DEMO_04243	1
DEMO_04244	1
DEMO_04245	1
DEMO_04246	1
DEMO_04247	1
DEMO_04248	1
DEMO_04249	1
DEMO_04250	1
DEMO_04251	1
DEMO_04252	1
DEMO_04253	1
DEMO_04254	1
DEMO_04255	1
DEMO_04256	1
DEMO_04257	1
DEMO_04258	1
DEMO_04259	1
DEMO_04260	1
DEMO_04261	1
DEMO_04262	1
DEMO_04263	1
DEMO_04264	1
DEMO_04265	1
DEMO_04266	1
DEMO_04267	1
DEMO_04268	1
DEMO_04269	1
DEMO_04270	1
DEMO_04271	1
DEMO_04272	1
DEMO_04273	1
DEMO_04274	1
DEMO_04275	1
DEMO_04276	1
DEMO_04277	1
DEMO_04278	1
DEMO_04279	1
DEMO_04280	1
DEMO_04281	1
DEMO_04282	1
DEMO_04283	1
DEMO_04284	1
DEMO_04285	1
DEMO_04286	1
DEMO_04287	1
DEMO_04288	1
DEMO_04289	1
DEMO_04290	1
DEMO_04291	1
DEMO_04292	1
DEMO_04293	1
DEMO_04294	1
DEMO_04295	1
DEMO_04296	1
DEMO_04297	1
DEMO_04298	1
DEMO_04299	1
DEMO_04300	1
DEMO_04301	1
DEMO_04302	1
DEMO_04303	1
DEMO_04304	1
DEMO_04305	1
DEMO_04306	1
DEMO_04307	1
DEMO_04308	1
DEMO_04309	1
DEMO_04310	1
DEMO_04311	1
DEMO_04312	1
DEMO_04313	1
DEMO_04314	1
DEMO_04315	1
DEMO_04316	1
DEMO_04317	1
DEMO_04318	1
DEMO_04319	1
DEMO_04320	1
DEMO_04321	1
DEMO_04322	1
DEMO_04323	1
DEMO_04324	1
DEMO_04325	1
DEMO_04326	1
DEMO_04327	1
DEMO_04328	1
DEMO_04329	1
DEMO_04330	1
DEMO_04331	1
DEMO_04332	1
DEMO_04333	1
DEMO_04334	1
DEMO_04335	1
DEMO_04336	1
DEMO_04337	1
DEMO_04338	1
DEMO_04339	1
DEMO_04340	1
DEMO_04341	1
DEMO_04342	1
DEMO_04343	1
DEMO_04344	1
DEMO_04345	1
DEMO_04346	1
DEMO_04347	1
DEMO_04348	1
DEMO_04349	1
DEMO_04350	1
DEMO_04351	1
DEMO_04352	1
DEMO_04353	1
DEMO_04354	1
DEMO_04355	1
DEMO_04356	1
DEMO_04357	1
DEMO_04358	1
DEMO_04359	1
DEMO_04360	1
DEMO_04361	1
DEMO_04362	1
DEMO_04363	1
DEMO_04364	1
DEMO_04365	1
DEMO_04366	1
DEMO_04367	1
DEMO_04368	1
DEMO_04369	1
DEMO_04370	1
DEMO_04371	1
DEMO_04372	1
DEMO_04373	1
DEMO_04374	1
DEMO_04375	1
DEMO_04376	1
DEMO_04377	1
DEMO_04378	1
DEMO_04379	1
DEMO_04380	1
DEMO_04381	1
DEMO_04382	1
DEMO_04383	1
DEMO_04384	1
DEMO_04385	1
DEMO_04386	1
DEMO_04387	1
DEMO_04388	1
DEMO_04389	1
DEMO_04390	1
DEMO_04391	1
DEMO_04392	1
DEMO_04393	1
DEMO_04394	1
DEMO_04395	1
DEMO_04396	1
DEMO_04397	1
DEMO_04398	1
DEMO_04399	1
DEMO_04400	1
DEMO_04401	1
DEMO_04402	1
DEMO_04403	1
DEMO_04404	1
DEMO_04405	1
DEMO_04406	1
DEMO_04407	1
DEMO_04408	1
DEMO_04409	1
DEMO_04410	1
DEMO_04411	1
DEMO_04412	1
DEMO_04413	1
DEMO_04414	1
DEMO_04415	1
DEMO_04416	1
DEMO_04417	1
DEMO_04418	1
DEMO_04419	1
DEMO_04420	1
DEMO_04421	1
DEMO_04422	1
DEMO_04423	1
DEMO_04424	1
DEMO_04425	1
DEMO_04426	1
DEMO_04427	1
DEMO_04428	1
DEMO_04429	1
DEMO_04430	1
DEMO_04431	1
DEMO_04432	1
DEMO_04433	1
DEMO_04434	1
DEMO_04435	1
DEMO_04436	1
DEMO_04437	1
DEMO_04438	1
DEMO_04439	1
DEMO_04440	1
DEMO_04441	1
DEMO_04442	1
DEMO_04443	1
DEMO_04444	1
DEMO_04445	1
DEMO_04446	1
DEMO_04447	1
DEMO_04448	1
DEMO_04449	1
DEMO_04450	1
DEMO_04451	1
DEMO_04452	1
DEMO_04453	1
DEMO_04454	1
DEMO_04455	1
DEMO_04456	1
DEMO_04457	1
DEMO_04458	1
DEMO_04459	1
DEMO_04460	1
DEMO_04461	1
DEMO_04462	1
DEMO_04463	1
DEMO_04464	1
DEMO_04465	1
DEMO_04466	1
DEMO_04467	1
DEMO_04468	1
DEMO_04469	1
DEMO_04470	1
DEMO_04471	1
DEMO_04472	1
DEMO_04473	1
DEMO_04474	1
DEMO_04475	1
DEMO_04476	1
DEMO_04477	1
DEMO_04478	1
DEMO_04479	1
DEMO_04480	1
DEMO_04481	1
DEMO_04482	1
DEMO_04483	1
DEMO_04484	1
DEMO_04485	1
DEMO_04486	1
DEMO_04487	1
DEMO_04488	1
DEMO_04489	1
DEMO_04490	1
DEMO_04491	1
DEMO_04492	1
DEMO_04493	1
DEMO_04494	1
DEMO_04495	1
DEMO_04496	1
DEMO_04497	1
DEMO_04498	1
DEMO_04499	1
DEMO_04500	1
DEMO_04501	1
DEMO_04502	1
DEMO_04503	1
DEMO_04504	1
DEMO_04505	1
DEMO_04506	1
DEMO_04507	1
DEMO_04508	1
DEMO_04509	1
DEMO_04510	1
DEMO_04511	1
DEMO_04512	1
DEMO_04513	1
DEMO_04514	1
DEMO_04515	1
DEMO_04516	1
DEMO_04517	1
DEMO_04518	1
DEMO_04519	1
DEMO_04520	1
DEMO_04521	1
DEMO_04522	1
DEMO_04523	1
DEMO_04524	1
DEMO_04525	1
DEMO_04526	1
DEMO_04527	1
DEMO_04528	1
DEMO_04529	1
DEMO_04530	1
DEMO_04531	1
DEMO_04532	1
DEMO_04533	1
DEMO_04534	1
DEMO_04535	1
DEMO_04536	1
DEMO_04537	1
DEMO_04538	1
DEMO_04539	1
DEMO_04540	1
DEMO_04541	1
DEMO_04542	1
DEMO_04543	1
DEMO_04544	1
DEMO_04545	1
DEMO_04546	1
DEMO_04547	1
DEMO_04548	1
DEMO_04549	1
DEMO_04550	1
DEMO_04551	1
DEMO_04552	1
DEMO_04553	1
DEMO_04554	1
DEMO_04555	1
DEMO_04556	1
DEMO_04557	1
DEMO_04558	1
DEMO_04559	1
DEMO_04560	1
DEMO_04561	1
DEMO_04562	1
DEMO_04563	1
DEMO_04564	1
DEMO_04565	1
DEMO_04566	1
DEMO_04567	1
DEMO_04568	1
DEMO_04569	1
DEMO_04570	1
DEMO_04571	1
DEMO_04572	1
DEMO_04573	1
DEMO_04574	1
DEMO_04575	1
DEMO_04576	1
DEMO_04577	1
DEMO_04578	1
DEMO_04579	1
DEMO_04580	1
DEMO_04581	1
DEMO_04582	1
DEMO_04583	1
DEMO_04584	1
DEMO_04585	1
DEMO_04586	1
DEMO_04587	1
DEMO_04588	1
DEMO_04589	1
DEMO_04590	1
DEMO_04591	1
DEMO_04592	1
DEMO_04593	1
DEMO_04594	1
DEMO_04595	1
DEMO_04596	1
DEMO_04597	1
DEMO_04598	1
DEMO_04599	1
DEMO_04600	1
DEMO_04601	1
DEMO_04602	1
DEMO_04603	1
DEMO_04604	1
DEMO_04605	1
DEMO_04606	1
DEMO_04607	1
DEMO_04608	1
DEMO_04609	1
DEMO_04610	1
DEMO_04611	1
DEMO_04612	1
DEMO_04613	1
DEMO_04614	1
DEMO_04615	1
DEMO_04616	1
DEMO_04617	1
DEMO_04618	1
DEMO_04619	1
DEMO_04620	1
DEMO_04621	1
DEMO_04622	1
DEMO_04623	1
DEMO_04624	1
DEMO_04625	1
DEMO_04626	1
DEMO_04627	1
DEMO_04628	1
DEMO_04629	1
DEMO_04630	1
DEMO_04631	1
DEMO_04632	1
DEMO_04633	1
DEMO_04634	1
DEMO_04635	1
DEMO_04636	1
DEMO_04637	1
DEMO_04638	1
DEMO_04639	1
DEMO_04640	1
DEMO_04641	1
DEMO_04642	1
DEMO_04643	1
DEMO_04644	1
DEMO_04645	1
DEMO_04646	1
DEMO_04647	1
DEMO_04648	1
DEMO_04649	1
DEMO_04650	1
DEMO_04651	1
DEMO_04652	1
DEMO_04653	1
DEMO_04654	1
DEMO_04655	1
DEMO_04656	1
DEMO_04657	1
DEMO_04658	1
DEMO_04659	1
DEMO_04660	1
DEMO_04661	1
DEMO_04662	1
DEMO_04663	1
DEMO_04664	1
DEMO_04665	1
DEMO_04666	1
DEMO_04667	1
DEMO_04668	1
DEMO_04669	1
DEMO_04670	1
DEMO_04671	1
DEMO_04672	1
DEMO_04673	1
DEMO_04674	1
DEMO_04675	1
DEMO_04676	1
DEMO_04677	1
DEMO_04678	1
DEMO_04679	1
DEMO_04680	1
DEMO_04681	1
DEMO_04682	1
DEMO_04683	1
DEMO_04684	1
DEMO_04685	1
DEMO_04686	1
DEMO_04687	1
DEMO_04688	1
DEMO_04689	1
DEMO_04690	1
DEMO_04691	1
DEMO_04692	1
DEMO_04693	1
DEMO_04694	1
DEMO_04695	1
DEMO_04696	1
DEMO_04697	1
DEMO_04698	1
DEMO_04699	1
DEMO_04700	1
DEMO_04701	1
DEMO_04702	1
DEMO_04703	1
DEMO_04704	1
DEMO_04705	1
DEMO_04706	1
DEMO_04707	1
DEMO_04708	1
DEMO_04709	1
DEMO_04710	1
DEMO_04711	1
DEMO_04712	1
DEMO_04713	1
DEMO_04714	1
DEMO_04715	1
DEMO_04716	1
DEMO_04717	1
DEMO_04718	1
DEMO_04719	1
DEMO_04720	1
DEMO_04721	1
DEMO_04722	1
DEMO_04723	1
DEMO_04724	1
DEMO_04725	1
DEMO_04726	1
DEMO_04727	1
DEMO_04728	1
DEMO_04729	1
DEMO_04730	1
DEMO_04731	1
DEMO_04732	1
DEMO_04733	1
DEMO_04734	1
DEMO_04735	1
DEMO_04736	1
DEMO_04737	1
DEMO_04738	1
DEMO_04739	1
DEMO_04740	1
DEMO_04741	1
DEMO_04742	1
DEMO_04743	1
DEMO_04744	1
DEMO_04745	1
DEMO_04746	1
DEMO_04747	1
DEMO_04748	1
DEMO_04749	1
DEMO_04750	1
DEMO_04751	1
DEMO_04752	1
DEMO_04753	1
DEMO_04754	1
DEMO_04755	1
DEMO_04756	1
DEMO_04757	1
DEMO_04758	1
DEMO_04759	1
DEMO_04760	1
DEMO_04761	1
DEMO_04762	1
DEMO_04763	1
DEMO_04764	1
DEMO_04765	1
DEMO_04766	1
DEMO_04767	1
DEMO_04768	1
DEMO_04769	1
DEMO_04770	1
DEMO_04771	1
DEMO_04772	1
DEMO_04773	1
DEMO_04774	1
DEMO_04775	1
DEMO_04776	1
DEMO_04777	1
DEMO_04778	1
DEMO_04779	1
DEMO_04780	1
DEMO_04781	1
DEMO_04782	1
DEMO_04783	1
DEMO_04784	1
DEMO_04785	1
DEMO_04786	1
DEMO_04787	1
DEMO_04788	1
DEMO_04789	1
DEMO_04790	1
DEMO_04791	1
DEMO_04792	1
DEMO_04793	1
DEMO_04794	1
DEMO_04795	1
DEMO_04796	1
DEMO_04797	1
DEMO_04798	1
DEMO_04799	1
DEMO_04800	1
DEMO_04801	1
DEMO_04802	1
DEMO_04803	1
DEMO_04804	1
DEMO_04805	1
DEMO_04806	1
DEMO_04807	1
DEMO_04808	1
DEMO_04809	1
DEMO_04810	1
DEMO_04811	1
DEMO_04812	1
DEMO_04813	1
DEMO_04814	1
DEMO_04815	1
DEMO_04816	1
DEMO_04817	1
DEMO_04818	1
DEMO_04819	1
DEMO_04820	1
DEMO_04821	1
DEMO_04822	1
DEMO_04823	1
DEMO_04824	1
DEMO_04825	1
DEMO_04826	1
DEMO_04827	1
DEMO_04828	1
DEMO_04829	1
DEMO_04830	1
DEMO_04831	1
DEMO_04832	1
DEMO_04833	1
DEMO_04834	1
DEMO_04835	1
DEMO_04836	1
DEMO_04837	1
DEMO_04838	1
DEMO_04839	1
DEMO_04840	1
DEMO_04841	1
DEMO_04842	1
DEMO_04843	1
DEMO_04844	1
DEMO_04845	1
DEMO_04846	1
DEMO_04847	1
DEMO_04848	1
DEMO_04849	1
DEMO_04850	1
DEMO_04851	1
DEMO_04852	1
DEMO_04853	1
DEMO_04854	1
DEMO_04855	1
DEMO_04856	1
DEMO_04857	1
DEMO_04858	1
DEMO_04859	1
DEMO_04860	1
DEMO_04861	1
DEMO_04862	1
DEMO_04863	1
DEMO_04864	1
DEMO_04865	1
DEMO_04866	1
DEMO_04867	1
DEMO_04868	1
DEMO_04869	1
DEMO_04870	1
DEMO_04871	1
DEMO_04872	1
DEMO_04873	1
DEMO_04874	1
DEMO_04875	1
DEMO_04876	1
DEMO_04877	1
DEMO_04878	1
DEMO_04879	1
DEMO_04880	1
DEMO_04881	1
DEMO_04882	1
DEMO_04883	1
DEMO_04884	1
DEMO_04885	1
DEMO_04886	1
DEMO_04887	1
DEMO_04888	1
DEMO_04889	1
DEMO_04890	1
DEMO_04891	1
DEMO_04892	1
DEMO_04893	1
DEMO_04894	1
DEMO_04895	1
DEMO_04896	1
DEMO_04897	1
DEMO_04898	1
DEMO_04899	1
DEMO_04900	1
DEMO_04901	1
DEMO_04902	1
DEMO_04903	1
DEMO_04904	1
DEMO_04905	1
DEMO_04906	1
DEMO_04907	1
DEMO_04908	1
DEMO_04909	1
DEMO_04910	1
DEMO_04911	1
DEMO_04912	1
DEMO_04913	1
DEMO_04914	1
DEMO_04915	1
DEMO_04916	1
DEMO_04917	1
DEMO_04918	1
DEMO_04919	1
DEMO_04920	1
DEMO_04921	1
DEMO_04922	1
DEMO_04923	1
DEMO_04924	1
DEMO_04925	1
DEMO_04926	1
DEMO_04927	1
DEMO_04928	1
DEMO_04929	1
DEMO_04930	1
DEMO_04931	1
DEMO_04932	1
DEMO_04933	1
DEMO_04934	1
DEMO_04935	1
DEMO_04936	1
DEMO_04937	1
DEMO_04938	1
DEMO_04939	1
DEMO_04940	1
DEMO_04941	1
DEMO_04942	1
DEMO_04943	1
DEMO_04944	1
DEMO_04945	1
DEMO_04946	1
DEMO_04947	1
DEMO_04948	1
DEMO_04949	1
DEMO_04950	1
DEMO_04951	1
DEMO_04952	1
DEMO_04953	1
DEMO_04954	1
DEMO_04955	1
DEMO_04956	1
DEMO_04957	1
DEMO_04958	1
DEMO_04959	1
DEMO_04960	1
DEMO_04961	1
DEMO_04962	1
DEMO_04963	1
DEMO_04964	1
DEMO_04965	1
DEMO_04966	1
DEMO_04967	1
DEMO_04968	1
DEMO_04969	1
DEMO_04970	1
DEMO_04971	1
DEMO_04972	1
DEMO_04973	1
DEMO_04974	1
DEMO_04975	1
DEMO_04976	1
DEMO_04977	1
DEMO_04978	1
DEMO_04979	1
DEMO_04980	1
DEMO_04981	1
DEMO_04982	1
DEMO_04983	1
DEMO_04984	1
DEMO_04985	1
DEMO_04986	1
DEMO_04987	1
DEMO_04988	1
DEMO_04989	1
DEMO_04990	1
DEMO_04991	1
DEMO_04992	1
DEMO_04993	1
DEMO_04994	1
DEMO_04995	1
DEMO_04996	1
DEMO_04997	1
DEMO_04998	1
DEMO_04999	1
DEMO_05000	1
DEMO_05001	1
DEMO_05002	1
DEMO_05003	1
DEMO_05004	1
DEMO_05005	1
DEMO_05006	1
DEMO_05007	1
DEMO_05008	1
DEMO_05009	1
DEMO_05010	1
DEMO_05011	1
DEMO_05012	1
DEMO_05013	1
DEMO_05014	1
DEMO_05015	1
DEMO_05016	1
DEMO_05017	1
DEMO_05018	1
DEMO_05019	1
DEMO_05020	1
DEMO_05021	1
DEMO_05022	1
DEMO_05023	1
DEMO_05024	1
DEMO_05025	1
DEMO_05026	1
DEMO_05027	1
DEMO_05028	1
DEMO_05029	1
DEMO_05030	1
DEMO_05031	1
DEMO_05032	1
DEMO_05033	1
DEMO_05034	1
DEMO_05035	1
DEMO_05036	1
DEMO_05037	1
DEMO_05038	1
DEMO_05039	1
DEMO_05040	1
DEMO_05041	1
DEMO_05042	1
DEMO_05043	1
DEMO_05044	1
DEMO_05045	1
DEMO_05046	1
DEMO_05047	1
DEMO_05048	1
DEMO_05049	1
DEMO_05050	1
DEMO_05051	1
DEMO_05052	1
DEMO_05053	1
DEMO_05054	1
DEMO_05055	1
DEMO_05056	1
DEMO_05057	1
DEMO_05058	1
DEMO_05059	1
DEMO_05060	1
DEMO_05061	1
DEMO_05062	1
DEMO_05063	1
DEMO_05064	1
DEMO_05065	1
DEMO_05066	1
DEMO_05067	1
DEMO_05068	1
DEMO_05069	1
DEMO_05070	1
DEMO_05071	1
DEMO_05072	1
DEMO_05073	1
DEMO_05074	1
DEMO_05075	1
DEMO_05076	1
DEMO_05077	1
DEMO_05078	1
DEMO_05079	1
DEMO_05080	1
DEMO_05081	1
DEMO_05082	1
DEMO_05083	1
DEMO_05084	1
DEMO_05085	1
DEMO_05086	1
DEMO_05087	1
DEMO_05088	1
DEMO_05089	1
DEMO_05090	1
DEMO_05091	1
DEMO_05092	1
DEMO_05093	1
DEMO_05094	1
DEMO_05095	1
DEMO_05096	1
DEMO_05097	1
DEMO_05098	1
DEMO_05099	1
DEMO_05100	1
DEMO_05101	1
DEMO_05102	1
DEMO_05103	1
DEMO_05104	1
DEMO_05105	1
DEMO_05106	1
DEMO_05107	1
DEMO_05108	1
DEMO_05109	1
DEMO_05110	1
DEMO_05111	1
DEMO_05112	1
DEMO_05113	1
DEMO_05114	1
DEMO_05115	1
DEMO_05116	1
DEMO_05117	1
DEMO_05118	1
DEMO_05119	1
DEMO_05120	1
DEMO_05121	1
DEMO_05122	1
DEMO_05123	1
DEMO_05124	1
DEMO_05125	1
DEMO_05126	1
DEMO_05127	1
DEMO_05128	1
DEMO_05129	1
DEMO_05130	1
DEMO_05131	1
DEMO_05132	1
DEMO_05133	1
DEMO_05134	1
DEMO_05135	1
DEMO_05136	1
DEMO_05137	1
DEMO_05138	1
DEMO_05139	1
DEMO_05140	1
DEMO_05141	1
DEMO_05142	1
DEMO_05143	1
DEMO_05144	1
DEMO_05145	1
DEMO_05146	1
DEMO_05147	1
DEMO_05148	1
DEMO_05149	1
DEMO_05150	1
DEMO_05151	1
DEMO_05152	1
DEMO_05153	1
DEMO_05154	1
DEMO_05155	1
DEMO_05156	1
DEMO_05157	1
DEMO_05158	1
DEMO_05159	1
DEMO_05160	1
DEMO_05161	1
DEMO_05162	1
DEMO_05163	1
DEMO_05164	1
DEMO_05165	1
DEMO_05166	1
DEMO_05167	1
DEMO_05168	1
DEMO_05169	1
DEMO_05170	1
DEMO_05171	1
DEMO_05172	1
DEMO_05173	1
DEMO_05174	1
DEMO_05175	1
DEMO_05176	1
DEMO_05177	1
DEMO_05178	1
DEMO_05179	1
DEMO_05180	1
DEMO_05181	1
DEMO_05182	1
DEMO_05183	1
DEMO_05184	1
DEMO_05185	1
DEMO_05186	1
DEMO_05187	1
DEMO_05188	1
DEMO_05189	1
DEMO_05190	1
DEMO_05191	1
DEMO_05192	1
DEMO_05193	1
DEMO_05194	1
DEMO_05195	1
DEMO_05196	1
DEMO_05197	1
DEMO_05198	1
DEMO_05199	1
DEMO_05200	1
DEMO_05201	1
DEMO_05202	1
DEMO_05203	1
DEMO_05204	1
DEMO_05205	1
DEMO_05206	1
DEMO_05207	1
DEMO_05208	1
DEMO_05209	1
DEMO_05210	1
DEMO_05211	1
DEMO_05212	1
DEMO_05213	1
DEMO_05214	1
DEMO_05215	1
DEMO_05216	1
DEMO_05217	1
DEMO_05218	1
DEMO_05219	1
DEMO_05220	1
DEMO_05221	1
DEMO_05222	1
DEMO_05223	1
DEMO_05224	1
DEMO_05225	1
DEMO_05226	1
DEMO_05227	1
DEMO_05228	1
DEMO_05229	1
DEMO_05230	1
DEMO_05231	1
DEMO_05232	1
DEMO_05233	1
DEMO_05234	1
DEMO_05235	1
DEMO_05236	1
DEMO_05237	1
DEMO_05238	1
DEMO_05239	1
DEMO_05240	1
DEMO_05241	1
DEMO_05242	1
DEMO_05243	1
DEMO_05244	1
DEMO_05245	1
DEMO_05246	1
DEMO_05247	1
DEMO_05248	1
DEMO_05249	1
DEMO_05250	1
DEMO_05251	1
DEMO_05252	1
DEMO_05253	1
DEMO_05254	1
DEMO_05255	1
DEMO_05256	1
DEMO_05257	1
DEMO_05258	1
DEMO_05259	1
DEMO_05260	1
DEMO_05261	1
DEMO_05262	1
DEMO_05263	1
DEMO_05264	1
DEMO_05265	1
DEMO_05266	1
DEMO_05267	1
DEMO_05268	1
DEMO_05269	1
DEMO_05270	1
DEMO_05271	1
DEMO_05272	1
DEMO_05273	1
DEMO_05274	1
DEMO_05275	1
DEMO_05276	1
DEMO_05277	1
DEMO_05278	1
DEMO_05279	1
DEMO_05280	1
DEMO_05281	1
DEMO_05282	1
DEMO_05283	1
DEMO_05284	1
DEMO_05285	1
DEMO_05286	1
DEMO_05287	1
DEMO_05288	1
DEMO_05289	1
DEMO_05290	1
DEMO_05291	1
DEMO_05292	1
DEMO_05293	1
DEMO_05294	1
DEMO_05295	1
DEMO_05296	1
DEMO_05297	1
DEMO_05298	1
DEMO_05299	1
DEMO_05300	1
DEMO_05301	1
DEMO_05302	1
DEMO_05303	1
DEMO_05304	1
DEMO_05305	1
DEMO_05306	1
DEMO_05307	1
DEMO_05308	1
DEMO_05309	1
DEMO_05310	1
DEMO_05311	1
DEMO_05312	1
DEMO_05313	1
DEMO_05314	1
DEMO_05315	1
DEMO_05316	1
DEMO_05317	1
DEMO_05318	1
DEMO_05319	1
DEMO_05320	1
DEMO_05321	1
DEMO_05322	1
DEMO_05323	1
DEMO_05324	1
DEMO_05325	1
DEMO_05326	1
DEMO_05327	1
DEMO_05328	1
DEMO_05329	1
DEMO_05330	1
DEMO_05331	1
DEMO_05332	1
DEMO_05333	1
DEMO_05334	1
DEMO_05335	1
DEMO_05336	1
DEMO_05337	1
DEMO_05338	1
DEMO_05339	1
DEMO_05340	1
DEMO_05341	1
DEMO_05342	1
DEMO_05343	1
DEMO_05344	1
DEMO_05345	1
DEMO_05346	1
DEMO_05347	1
DEMO_05348	1
DEMO_05349	1
DEMO_05350	1
DEMO_05351	1
DEMO_05352	1
DEMO_05353	1
DEMO_05354	1
DEMO_05355	1
DEMO_05356	1
DEMO_05357	1
DEMO_05358	1
DEMO_05359	1
DEMO_05360	1
DEMO_05361	1
DEMO_05362	1
DEMO_05363	1
DEMO_05364	1
DEMO_05365	1
DEMO_05366	1
DEMO_05367	1
DEMO_05368	1
DEMO_05369	1
DEMO_05370	1
DEMO_05371	1
DEMO_05372	1
DEMO_05373	1
DEMO_05374	1
DEMO_05375	1
DEMO_05376	1
DEMO_05377	1
DEMO_05378	1
DEMO_05379	1
DEMO_05380	1
DEMO_05381	1
DEMO_05382	1
DEMO_05383	1
DEMO_05384	1
DEMO_05385	1
DEMO_05386	1
DEMO_05387	1
DEMO_05388	1
DEMO_05389	1
DEMO_05390	1
DEMO_05391	1
DEMO_05392	1
DEMO_05393	1
DEMO_05394	1
DEMO_05395	1
DEMO_05396	1
DEMO_05397	1
DEMO_05398	1
DEMO_05399	1
DEMO_05400	1
DEMO_05401	1
DEMO_05402	1
DEMO_05403	1
DEMO_05404	1
DEMO_05405	1
DEMO_05406	1
DEMO_05407	1
DEMO_05408	1
DEMO_05409	1
DEMO_05410	1
DEMO_05411	1
DEMO_05412	1
DEMO_05413	1
DEMO_05414	1
DEMO_05415	1
DEMO_05416	1
DEMO_05417	1
DEMO_05418	1
DEMO_05419	1
DEMO_05420	1
DEMO_05421	1
DEMO_05422	1
DEMO_05423	1
DEMO_05424	1
DEMO_05425	1
DEMO_05426	1
DEMO_05427	1
DEMO_05428	1
DEMO_05429	1
DEMO_05430	1
DEMO_05431	1
DEMO_05432	1
DEMO_05433	1
DEMO_05434	1
DEMO_05435	1
DEMO_05436	1
DEMO_05437	1
DEMO_05438	1
DEMO_05439	1
DEMO_05440	1
DEMO_05441	1
DEMO_05442	1
DEMO_05443	1
DEMO_05444	1
DEMO_05445	1
DEMO_05446	1
DEMO_05447	1
DEMO_05448	1
DEMO_05449	1
DEMO_05450	1
DEMO_05451	1
DEMO_05452	1
DEMO_05453	1
DEMO_05454	1
DEMO_05455	1
DEMO_05456	1
DEMO_05457	1
DEMO_05458	1
DEMO_05459	1
DEMO_05460	1
DEMO_05461	1
DEMO_05462	1
DEMO_05463	1
DEMO_05464	1
DEMO_05465	1
DEMO_05466	1
DEMO_05467	1
DEMO_05468	1
DEMO_05469	1
DEMO_05470	1
DEMO_05471	1
DEMO_05472	1
DEMO_05473	1
DEMO_05474	1
DEMO_05475	1
DEMO_05476	1
DEMO_05477	1
DEMO_05478	1
DEMO_05479	1
DEMO_05480	1
DEMO_05481	1
DEMO_05482	1
DEMO_05483	1
DEMO_05484	1
DEMO_05485	1
DEMO_05486	1
DEMO_05487	1
DEMO_05488	1
DEMO_05489	1
DEMO_05490	1
DEMO_05491	1
DEMO_05492	1
DEMO_05493	1
DEMO_05494	1
DEMO_05495	1
DEMO_05496	1
DEMO_05497	1
DEMO_05498	1
DEMO_05499	1
DEMO_05500	1
DEMO_05501	1
DEMO_05502	1
DEMO_05503	1
DEMO_05504	1
DEMO_05505	1
DEMO_05506	1
DEMO_05507	1
DEMO_05508	1
DEMO_05509	1
DEMO_05510	1
DEMO_05511	1
DEMO_05512	1
DEMO_05513	1
DEMO_05514	1
DEMO_05515	1
DEMO_05516	1
DEMO_05517	1
DEMO_05518	1
DEMO_05519	1
DEMO_05520	1
DEMO_05521	1
DEMO_05522	1
DEMO_05523	1
DEMO_05524	1
DEMO_05525	1
DEMO_05526	1
DEMO_05527	1
DEMO_05528	1
DEMO_05529	1
DEMO_05530	1
DEMO_05531	1
DEMO_05532	1
DEMO_05533	1
DEMO_05534	1
DEMO_05535	1
DEMO_05536	1
DEMO_05537	1
DEMO_05538	1
DEMO_05539	1
DEMO_05540	1
DEMO_05541	1
DEMO_05542	1
DEMO_05543	1
DEMO_05544	1
DEMO_05545	1
DEMO_05546	1
DEMO_05547	1
DEMO_05548	1
DEMO_05549	1
DEMO_05550	1
DEMO_05551	1
DEMO_05552	1
DEMO_05553	1
DEMO_05554	1
DEMO_05555	1
DEMO_05556	1
DEMO_05557	1
DEMO_05558	1
DEMO_05559	1
DEMO_05560	1
DEMO_05561	1
DEMO_05562	1
DEMO_05563	1
DEMO_05564	1
DEMO_05565	1
DEMO_05566	1
DEMO_05567	1
DEMO_05568	1
DEMO_05569	1
DEMO_05570	1
DEMO_05571	1
DEMO_05572	1
DEMO_05573	1
DEMO_05574	1
DEMO_05575	1
DEMO_05576	1
DEMO_05577	1
DEMO_05578	1
DEMO_05579	1
DEMO_05580	1
DEMO_05581	1
DEMO_05582	1
DEMO_05583	1
DEMO_05584	1
DEMO_05585	1
DEMO_05586	1
DEMO_05587	1
DEMO_05588	1
DEMO_05589	1
DEMO_05590	1
DEMO_05591	1
DEMO_05592	1
DEMO_05593	1
DEMO_05594	1
DEMO_05595	1
DEMO_05596	1
DEMO_05597	1
DEMO_05598	1
DEMO_05599	1
DEMO_05600	1
DEMO_05601	1
DEMO_05602	1
DEMO_05603	1
DEMO_05604	1
DEMO_05605	1
DEMO_05606	1
DEMO_05607	1
DEMO_05608	1
DEMO_05609	1
DEMO_05610	1
DEMO_05611	1
DEMO_05612	1
DEMO_05613	1
DEMO_05614	1
DEMO_05615	1
DEMO_05616	1
DEMO_05617	1
DEMO_05618	1
DEMO_05619	1
DEMO_05620	1
DEMO_05621	1
DEMO_05622	1
DEMO_05623	1
DEMO_05624	1
DEMO_05625	1
DEMO_05626	1
DEMO_05627	1
DEMO_05628	1
DEMO_05629	1
DEMO_05630	1
DEMO_05631	1
DEMO_05632	1
DEMO_05633	1
DEMO_05634	1
DEMO_05635	1
DEMO_05636	1
DEMO_05637	1
DEMO_05638	1
DEMO_05639	1
DEMO_05640	1
DEMO_05641	1
DEMO_05642	1
DEMO_05643	1
DEMO_05644	1
DEMO_05645	1
DEMO_05646	1
DEMO_05647	1
DEMO_05648	1
DEMO_05649	1
DEMO_05650	1
DEMO_05651	1
DEMO_05652	1
DEMO_05653	1
DEMO_05654	1
DEMO_05655	1
DEMO_05656	1
DEMO_05657	1
DEMO_05658	1
DEMO_05659	1
DEMO_05660	1
DEMO_05661	1
DEMO_05662	1
DEMO_05663	1
DEMO_05664	1
DEMO_05665	1
DEMO_05666	1
DEMO_05667	1
DEMO_05668	1
DEMO_05669	1
DEMO_05670	1
DEMO_05671	1
DEMO_05672	1
DEMO_05673	1
DEMO_05674	1
DEMO_05675	1
DEMO_05676	1
DEMO_05677	1
DEMO_05678	1
DEMO_05679	1
DEMO_05680	1
DEMO_05681	1
DEMO_05682	1
DEMO_05683	1
DEMO_05684	1
DEMO_05685	1
DEMO_05686	1
DEMO_05687	1
DEMO_05688	1
DEMO_05689	1
DEMO_05690	1
DEMO_05691	1
DEMO_05692	1
DEMO_05693	1
DEMO_05694	1
DEMO_05695	1
DEMO_05696	1
DEMO_05697	1
DEMO_05698	1
DEMO_05699	1
DEMO_05700	1
DEMO_05701	1
DEMO_05702	1
DEMO_05703	1
DEMO_05704	1
DEMO_05705	1
DEMO_05706	1
DEMO_05707	1
DEMO_05708	1
DEMO_05709	1
DEMO_05710	1
DEMO_05711	1
DEMO_05712	1
DEMO_05713	1
DEMO_05714	1
DEMO_05715	1
DEMO_05716	1
DEMO_05717	1
DEMO_05718	1
DEMO_05719	1
DEMO_05720	1
DEMO_05721	1
DEMO_05722	1
DEMO_05723	1
DEMO_05724	1
DEMO_05725	1
DEMO_05726	1
DEMO_05727	1
DEMO_05728	1
DEMO_05729	1
DEMO_05730	1
DEMO_05731	1
DEMO_05732	1
DEMO_05733	1
DEMO_05734	1
DEMO_05735	1
DEMO_05736	1
DEMO_05737	1
DEMO_05738	1
DEMO_05739	1
DEMO_05740	1
DEMO_05741	1
DEMO_05742	1
DEMO_05743	1
DEMO_05744	1
DEMO_05745	1
DEMO_05746	1
DEMO_05747	1
DEMO_05748	1
DEMO_05749	1
DEMO_05750	1
DEMO_05751	1
DEMO_05752	1
DEMO_05753	1
DEMO_05754	1
DEMO_05755	1
DEMO_05756	1
DEMO_05757	1
DEMO_05758	1
DEMO_05759	1
DEMO_05760	1
DEMO_05761	1
DEMO_05762	1
DEMO_05763	1
DEMO_05764	1
DEMO_05765	1
DEMO_05766	1
DEMO_05767	1
DEMO_05768	1
DEMO_05769	1
DEMO_05770	1
DEMO_05771	1
DEMO_05772	1
DEMO_05773	1
DEMO_05774	1
DEMO_05775	1
DEMO_05776	1
DEMO_05777	1
DEMO_05778	1
DEMO_05779	1
DEMO_05780	1
DEMO_05781	1
DEMO_05782	1
DEMO_05783	1
DEMO_05784	1
DEMO_05785	1
DEMO_05786	1
DEMO_05787	1
DEMO_05788	1
DEMO_05789	1
DEMO_05790	1
DEMO_05791	1
DEMO_05792	1
DEMO_05793	1
DEMO_05794	1
DEMO_05795	1
DEMO_05796	1
DEMO_05797	1
DEMO_05798	1
DEMO_05799	1
DEMO_05800	1
DEMO_05801	1
DEMO_05802	1
DEMO_05803	1
DEMO_05804	1
DEMO_05805	1
DEMO_05806	1
DEMO_05807	1
DEMO_05808	1
DEMO_05809	1
DEMO_05810	1
DEMO_05811	1
DEMO_05812	1
DEMO_05813	1
DEMO_05814	1
DEMO_05815	1
DEMO_05816	1
DEMO_05817	1
DEMO_05818	1
DEMO_05819	1
DEMO_05820	1
DEMO_05821	1
DEMO_05822	1
DEMO_05823	1
DEMO_05824	1
DEMO_05825	1
DEMO_05826	1
DEMO_05827	1
DEMO_05828	1
DEMO_05829	1
DEMO_05830	1
DEMO_05831	1
DEMO_05832	1
DEMO_05833	1
DEMO_05834	1
DEMO_05835	1
DEMO_05836	1
DEMO_05837	1
DEMO_05838	1
DEMO_05839	1
DEMO_05840	1
DEMO_05841	1
DEMO_05842	1
DEMO_05843	1
DEMO_05844	1
DEMO_05845	1
DEMO_05846	1
DEMO_05847	1
DEMO_05848	1
DEMO_05849	1
DEMO_05850	1
DEMO_05851	1
DEMO_05852	1
DEMO_05853	1
DEMO_05854	1
DEMO_05855	1
DEMO_05856	1
DEMO_05857	1
DEMO_05858	1
DEMO_05859	1
DEMO_05860	1
DEMO_05861	1
DEMO_05862	1
DEMO_05863	1
DEMO_05864	1
DEMO_05865	1
DEMO_05866	1
DEMO_05867	1
DEMO_05868	1
DEMO_05869	1
DEMO_05870	1
DEMO_05871	1
DEMO_05872	1
DEMO_05873	1
DEMO_05874	1
DEMO_05875	1
DEMO_05876	1
DEMO_05877	1
DEMO_05878	1
DEMO_05879	1
DEMO_05880	1
DEMO_05881	1
DEMO_05882	1
DEMO_05883	1
DEMO_05884	1
DEMO_05885	1
DEMO_05886	1
DEMO_05887	1
DEMO_05888	1
DEMO_05889	1
DEMO_05890	1
DEMO_05891	1
DEMO_05892	1
DEMO_05893	1
DEMO_05894	1
DEMO_05895	1
DEMO_05896	1
DEMO_05897	1
DEMO_05898	1
DEMO_05899	1
DEMO_05900	1
DEMO_05901	1
DEMO_05902	1
DEMO_05903	1
DEMO_05904	1
DEMO_05905	1
DEMO_05906	1
DEMO_05907	1
DEMO_05908	1
DEMO_05909	1
DEMO_05910	1
DEMO_05911	1
DEMO_05912	1
DEMO_05913	1
DEMO_05914	1
DEMO_05915	1
DEMO_05916	1
DEMO_05917	1
DEMO_05918	1
DEMO_05919	1
DEMO_05920	1
DEMO_05921	1
DEMO_05922	1
DEMO_05923	1
DEMO_05924	1
DEMO_05925	1
DEMO_05926	1
DEMO_05927	1
DEMO_05928	1
DEMO_05929	1
DEMO_05930	1
DEMO_05931	1
DEMO_05932	1
DEMO_05933	1
DEMO_05934	1
DEMO_05935	1
DEMO_05936	1
DEMO_05937	1
DEMO_05938	1
DEMO_05939	1
DEMO_05940	1
DEMO_05941	1
DEMO_05942	1
DEMO_05943	1
DEMO_05944	1
DEMO_05945	1
DEMO_05946	1
DEMO_05947	1
DEMO_05948	1
DEMO_05949	1
DEMO_05950	1
DEMO_05951	1
DEMO_05952	1
DEMO_05953	1
DEMO_05954	1
DEMO_05955	1
DEMO_05956	1
DEMO_05957	1
DEMO_05958	1
DEMO_05959	1
DEMO_05960	1
DEMO_05961	1
DEMO_05962	1
DEMO_05963	1
DEMO_05964	1
DEMO_05965	1
DEMO_05966	1
DEMO_05967	1
DEMO_05968	1
DEMO_05969	1
DEMO_05970	1
DEMO_05971	1
DEMO_05972	1
DEMO_05973	1
DEMO_05974	1
DEMO_05975	1
DEMO_05976	1
DEMO_05977	1
DEMO_05978	1
DEMO_05979	1
DEMO_05980	1
DEMO_05981	1
DEMO_05982	1
DEMO_05983	1
DEMO_05984	1
DEMO_05985	1
DEMO_05986	1
DEMO_05987	1
DEMO_05988	1
DEMO_05989	1
DEMO_05990	1
DEMO_05991	1
DEMO_05992	1
DEMO_05993	1
DEMO_05994	1
DEMO_05995	1
DEMO_05996	1
DEMO_05997	1
DEMO_05998	1
DEMO_05999	1
DEMO_06000	1
DEMO_06001	1
DEMO_06002	1
DEMO_06003	1
DEMO_06004	1
DEMO_06005	1
DEMO_06006	1
DEMO_06007	1
DEMO_06008	1
DEMO_06009	1
DEMO_06010	1
DEMO_06011	1
DEMO_06012	1
DEMO_06013	1
DEMO_06014	1
DEMO_06015	1
DEMO_06016	1
DEMO_06017	1
DEMO_06018	1
DEMO_06019	1
DEMO_06020	1
DEMO_06021	1
DEMO_06022	1
DEMO_06023	1
DEMO_06024	1
DEMO_06025	1
DEMO_06026	1
DEMO_06027	1
DEMO_06028	1
DEMO_06029	1
DEMO_06030	1
DEMO_06031	1
DEMO_06032	1
DEMO_06033	1
DEMO_06034	1
DEMO_06035	1
DEMO_06036	1
DEMO_06037	1
DEMO_06038	1
DEMO_06039	1
DEMO_06040	1
DEMO_06041	1
DEMO_06042	1
DEMO_06043	1
DEMO_06044	1
DEMO_06045	1
DEMO_06046	1
DEMO_06047	1
DEMO_06048	1
DEMO_06049	1
DEMO_06050	1
DEMO_06051	1
DEMO_06052	1
DEMO_06053	1
DEMO_06054	1
DEMO_06055	1
DEMO_06056	1
DEMO_06057	1
DEMO_06058	1
DEMO_06059	1
DEMO_06060	1
DEMO_06061	1
DEMO_06062	1
DEMO_06063	1
DEMO_06064	1
DEMO_06065	1
DEMO_06066	1
DEMO_06067	1
DEMO_06068	1
DEMO_06069	1
DEMO_06070	1
DEMO_06071	1
DEMO_06072	1
DEMO_06073	1
DEMO_06074	1
DEMO_06075	1
DEMO_06076	1
DEMO_06077	1
DEMO_06078	1
DEMO_06079	1
DEMO_06080	1
DEMO_06081	1
DEMO_06082	1
DEMO_06083	1
DEMO_06084	1
DEMO_06085	1
DEMO_06086	1
DEMO_06087	1
DEMO_06088	1
DEMO_06089	1
DEMO_06090	1
DEMO_06091	1
DEMO_06092	1
DEMO_06093	1
DEMO_06094	1
DEMO_06095	1
DEMO_06096	1
DEMO_06097	1
DEMO_06098	1
DEMO_06099	1
DEMO_06100	1
DEMO_06101	1
DEMO_06102	1
DEMO_06103	1
DEMO_06104	1
DEMO_06105	1
DEMO_06106	1
DEMO_06107	1
DEMO_06108	1
DEMO_06109	1
DEMO_06110	1
DEMO_06111	1
DEMO_06112	1
DEMO_06113	1
DEMO_06114	1
DEMO_06115	1
DEMO_06116	1
DEMO_06117	1
DEMO_06118	1
DEMO_06119	1
DEMO_06120	1
DEMO_06121	1
DEMO_06122	1
DEMO_06123	1
DEMO_06124	1
DEMO_06125	1
DEMO_06126	1
DEMO_06127	1
DEMO_06128	1
DEMO_06129	1
DEMO_06130	1
DEMO_06131	1
DEMO_06132	1
DEMO_06133	1
DEMO_06134	1
DEMO_06135	1
DEMO_06136	1
DEMO_06137	1
DEMO_06138	1
DEMO_06139	1
DEMO_06140	1
DEMO_06141	1
DEMO_06142	1
DEMO_06143	1
DEMO_06144	1
DEMO_06145	1
DEMO_06146	1
DEMO_06147	1
DEMO_06148	1
DEMO_06149	1
DEMO_06150	1
DEMO_06151	1
DEMO_06152	1
DEMO_06153	1
DEMO_06154	1
DEMO_06155	1
DEMO_06156	1
DEMO_06157	1
DEMO_06158	1
DEMO_06159	1
DEMO_06160	1
DEMO_06161	1
DEMO_06162	1
DEMO_06163	1
DEMO_06164	1
DEMO_06165	1
DEMO_06166	1
DEMO_06167	1
DEMO_06168	1
DEMO_06169	1
DEMO_06170	1
DEMO_06171	1
DEMO_06172	1
DEMO_06173	1
DEMO_06174	1
DEMO_06175	1
DEMO_06176	1
DEMO_06177	1
DEMO_06178	1
DEMO_06179	1
DEMO_06180	1
DEMO_06181	1
DEMO_06182	1
DEMO_06183	1
DEMO_06184	1
DEMO_06185	1
DEMO_06186	1
DEMO_06187	1
DEMO_06188	1
DEMO_06189	1
DEMO_06190	1
DEMO_06191	1
DEMO_06192	1
DEMO_06193	1
DEMO_06194	1
DEMO_06195	1
DEMO_06196	1
DEMO_06197	1
DEMO_06198	1
DEMO_06199	1
DEMO_06200	1
DEMO_06201	1
DEMO_06202	1
DEMO_06203	1
DEMO_06204	1
DEMO_06205	1
DEMO_06206	1
DEMO_06207	1
DEMO_06208	1
DEMO_06209	1
DEMO_06210	1
DEMO_06211	1
DEMO_06212	1
DEMO_06213	1
DEMO_06214	1
DEMO_06215	1
DEMO_06216	1
DEMO_06217	1
DEMO_06218	1
DEMO_06219	1
DEMO_06220	1
DEMO_06221	1
DEMO_06222	1
DEMO_06223	1
DEMO_06224	1
DEMO_06225	1
DEMO_06226	1
DEMO_06227	1
DEMO_06228	1
DEMO_06229	1
DEMO_06230	1
DEMO_06231	1
DEMO_06232	1
DEMO_06233	1
DEMO_06234	1
DEMO_06235	1
DEMO_06236	1
DEMO_06237	1
DEMO_06238	1
DEMO_06239	1
DEMO_06240	1
DEMO_06241	1
DEMO_06242	1
DEMO_06243	1
DEMO_06244	1
DEMO_06245	1
DEMO_06246	1
DEMO_06247	1
DEMO_06248	1
DEMO_06249	1
DEMO_06250	1
DEMO_06251	1
DEMO_06252	1
DEMO_06253	1
DEMO_06254	1
DEMO_06255	1
DEMO_06256	1
DEMO_06257	1
DEMO_06258	1
DEMO_06259	1
DEMO_06260	1
DEMO_06261	1
DEMO_06262	1
DEMO_06263	1
DEMO_06264	1
DEMO_06265	1
DEMO_06266	1
DEMO_06267	1
DEMO_06268	1
DEMO_06269	1
DEMO_06270	1
DEMO_06271	1
DEMO_06272	1
DEMO_06273	1
DEMO_06274	1
DEMO_06275	1
DEMO_06276	1
DEMO_06277	1
DEMO_06278	1
DEMO_06279	1
DEMO_06280	1
DEMO_06281	1
DEMO_06282	1
DEMO_06283	1
DEMO_06284	1
DEMO_06285	1
DEMO_06286	1
DEMO_06287	1
DEMO_06288	1
DEMO_06289	1
DEMO_06290	1
DEMO_06291	1
DEMO_06292	1
DEMO_06293	1
DEMO_06294	1
DEMO_06295	1
DEMO_06296	1
DEMO_06297	1
DEMO_06298	1
DEMO_06299	1
DEMO_06300	1
DEMO_06301	1
DEMO_06302	1
DEMO_06303	1
DEMO_06304	1
DEMO_06305	1
DEMO_06306	1
DEMO_06307	1
DEMO_06308	1
DEMO_06309	1
DEMO_06310	1
DEMO_06311	1
DEMO_06312	1
DEMO_06313	1
DEMO_06314	1
DEMO_06315	1
DEMO_06316	1
DEMO_06317	1
DEMO_06318	1
DEMO_06319	1
DEMO_06320	1
DEMO_06321	1
DEMO_06322	1
DEMO_06323	1
DEMO_06324	1
DEMO_06325	1
DEMO_06326	1
DEMO_06327	1
DEMO_06328	1
DEMO_06329	1
DEMO_06330	1
DEMO_06331	1
DEMO_06332	1
DEMO_06333	1
DEMO_06334	1
DEMO_06335	1
DEMO_06336	1
DEMO_06337	1
DEMO_06338	1
DEMO_06339	1
DEMO_06340	1
DEMO_06341	1
DEMO_06342	1
DEMO_06343	1
DEMO_06344	1
DEMO_06345	1
DEMO_06346	1
DEMO_06347	1
DEMO_06348	1
DEMO_06349	1
DEMO_06350	1
DEMO_06351	1
DEMO_06352	1
DEMO_06353	1
DEMO_06354	1
DEMO_06355	1
DEMO_06356	1
DEMO_06357	1
DEMO_06358	1
DEMO_06359	1
DEMO_06360	1
DEMO_06361	1
DEMO_06362	1
DEMO_06363	1
DEMO_06364	1
DEMO_06365	1
DEMO_06366	1
DEMO_06367	1
DEMO_06368	1
DEMO_06369	1
DEMO_06370	1
DEMO_06371	1
DEMO_06372	1
DEMO_06373	1
DEMO_06374	1
DEMO_06375	1
DEMO_06376	1
DEMO_06377	1
DEMO_06378	1
DEMO_06379	1
DEMO_06380	1
DEMO_06381	1
DEMO_06382	1
DEMO_06383	1
DEMO_06384	1
DEMO_06385	1
DEMO_06386	1
DEMO_06387	1
DEMO_06388	1
DEMO_06389	1
DEMO_06390	1
DEMO_06391	1
DEMO_06392	1
DEMO_06393	1
DEMO_06394	1
DEMO_06395	1
DEMO_06396	1
DEMO_06397	1
DEMO_06398	1
DEMO_06399	1
DEMO_06400	1
DEMO_06401	1
DEMO_06402	1
DEMO_06403	1
DEMO_06404	1
DEMO_06405	1
DEMO_06406	1
DEMO_06407	1
DEMO_06408	1
DEMO_06409	1
DEMO_06410	1
DEMO_06411	1
DEMO_06412	1
DEMO_06413	1
DEMO_06414	1
DEMO_06415	1
DEMO_06416	1
DEMO_06417	1
DEMO_06418	1
DEMO_06419	1
DEMO_06420	1
DEMO_06421	1
DEMO_06422	1
DEMO_06423	1
DEMO_06424	1
DEMO_06425	1
DEMO_06426	1
DEMO_06427	1
DEMO_06428	1
DEMO_06429	1
DEMO_06430	1
DEMO_06431	1
DEMO_06432	1
DEMO_06433	1
DEMO_06434	1
DEMO_06435	1
DEMO_06436	1
DEMO_06437	1
DEMO_06438	1
DEMO_06439	1
DEMO_06440	1
DEMO_06441	1
DEMO_06442	1
DEMO_06443	1
DEMO_06444	1
DEMO_06445	1
DEMO_06446	1
DEMO_06447	1
DEMO_06448	1
DEMO_06449	1
DEMO_06450	1
DEMO_06451	1
DEMO_06452	1
DEMO_06453	1
DEMO_06454	1
DEMO_06455	1
DEMO_06456	1
DEMO_06457	1
DEMO_06458	1
DEMO_06459	1
DEMO_06460	1
DEMO_06461	1
DEMO_06462	1
DEMO_06463	1
DEMO_06464	1
DEMO_06465	1
DEMO_06466	1
DEMO_06467	1
DEMO_06468	1
DEMO_06469	1
DEMO_06470	1
DEMO_06471	1
DEMO_06472	1
DEMO_06473	1
DEMO_06474	1
DEMO_06475	1
DEMO_06476	1
DEMO_06477	1
DEMO_06478	1
DEMO_06479	1
DEMO_06480	1
DEMO_06481	1
DEMO_06482	1
DEMO_06483	1
DEMO_06484	1
DEMO_06485	1
DEMO_06486	1
DEMO_06487	1
DEMO_06488	1
DEMO_06489	1
DEMO_06490	1
DEMO_06491	1
DEMO_06492	1
DEMO_06493	1
DEMO_06494	1
DEMO_06495	1
DEMO_06496	1
DEMO_06497	1
DEMO_06498	1
DEMO_06499	1
DEMO_06500	1
DEMO_06501	1
DEMO_06502	1
DEMO_06503	1
DEMO_06504	1
DEMO_06505	1
DEMO_06506	1
DEMO_06507	1
DEMO_06508	1
DEMO_06509	1
DEMO_06510	1
DEMO_06511	1
DEMO_06512	1
DEMO_06513	1
DEMO_06514	1
DEMO_06515	1
DEMO_06516	1
DEMO_06517	1
DEMO_06518	1
DEMO_06519	1
DEMO_06520	1
DEMO_06521	1
DEMO_06522	1
DEMO_06523	1
DEMO_06524	1
DEMO_06525	1
DEMO_06526	1
DEMO_06527	1
DEMO_06528	1
DEMO_06529	1
DEMO_06530	1
DEMO_06531	1
DEMO_06532	1
DEMO_06533	1
DEMO_06534	1
DEMO_06535	1
DEMO_06536	1
DEMO_06537	1
DEMO_06538	1
DEMO_06539	1
DEMO_06540	1
DEMO_06541	1
DEMO_06542	1
DEMO_06543	1
DEMO_06544	1
DEMO_06545	1
DEMO_06546	1
DEMO_06547	1
DEMO_06548	1
DEMO_06549	1
DEMO_06550	1
DEMO_06551	1
DEMO_06552	1
DEMO_06553	1
DEMO_06554	1
DEMO_06555	1
DEMO_06556	1
DEMO_06557	1
DEMO_06558	1
DEMO_06559	1
DEMO_06560	1
DEMO_06561	1
DEMO_06562	1
DEMO_06563	1
DEMO_06564	1
DEMO_06565	1
DEMO_06566	1
DEMO_06567	1
DEMO_06568	1
DEMO_06569	1
DEMO_06570	1
DEMO_06571	1
DEMO_06572	1
DEMO_06573	1
DEMO_06574	1
DEMO_06575	1
DEMO_06576	1
DEMO_06577	1
DEMO_06578	1
DEMO_06579	1
DEMO_06580	1
DEMO_06581	1
DEMO_06582	1
DEMO_06583	1
DEMO_06584	1
DEMO_06585	1
DEMO_06586	1
DEMO_06587	1
DEMO_06588	1
DEMO_06589	1
DEMO_06590	1
DEMO_06591	1
DEMO_06592	1
DEMO_06593	1
DEMO_06594	1
DEMO_06595	1
DEMO_06596	1
DEMO_06597	1
DEMO_06598	1
DEMO_06599	1
DEMO_06600	1
DEMO_06601	1
DEMO_06602	1
DEMO_06603	1
DEMO_06604	1
DEMO_06605	1
DEMO_06606	1
DEMO_06607	1
DEMO_06608	1
DEMO_06609	1
DEMO_06610	1
DEMO_06611	1
DEMO_06612	1
DEMO_06613	1
DEMO_06614	1
DEMO_06615	1
DEMO_06616	1
DEMO_06617	1
DEMO_06618	1
DEMO_06619	1
DEMO_06620	1
DEMO_06621	1
DEMO_06622	1
DEMO_06623	1
DEMO_06624	1
DEMO_06625	1
DEMO_06626	1
DEMO_06627	1
DEMO_06628	1
DEMO_06629	1
DEMO_06630	1
DEMO_06631	1
DEMO_06632	1
DEMO_06633	1
DEMO_06634	1
DEMO_06635	1
DEMO_06636	1
DEMO_06637	1
DEMO_06638	1
DEMO_06639	1
DEMO_06640	1
DEMO_06641	1
DEMO_06642	1
DEMO_06643	1
DEMO_06644	1
DEMO_06645	1
DEMO_06646	1
DEMO_06647	1
DEMO_06648	1
DEMO_06649	1
DEMO_06650	1
DEMO_06651	1
DEMO_06652	1
DEMO_06653	1
DEMO_06654	1
DEMO_06655	1
DEMO_06656	1
DEMO_06657	1
DEMO_06658	1
DEMO_06659	1
DEMO_06660	1
DEMO_06661	1
DEMO_06662	1
DEMO_06663	1
DEMO_06664	1
DEMO_06665	1
DEMO_06666	1
DEMO_06667	1
DEMO_06668	1
DEMO_06669	1
DEMO_06670	1
DEMO_06671	1
DEMO_06672	1
DEMO_06673	1
DEMO_06674	1
DEMO_06675	1
DEMO_06676	1
DEMO_06677	1
DEMO_06678	1
DEMO_06679	1
DEMO_06680	1
DEMO_06681	1
DEMO_06682	1
DEMO_06683	1
DEMO_06684	1
DEMO_06685	1
DEMO_06686	1
DEMO_06687	1
DEMO_06688	1
DEMO_06689	1
DEMO_06690	1
DEMO_06691	1
DEMO_06692	1
DEMO_06693	1
DEMO_06694	1
DEMO_06695	1
DEMO_06696	1
DEMO_06697	1
DEMO_06698	1
DEMO_06699	1
DEMO_06700	1
DEMO_06701	1
DEMO_06702	1
DEMO_06703	1
DEMO_06704	1
DEMO_06705	1
DEMO_06706	1
DEMO_06707	1
DEMO_06708	1
DEMO_06709	1
DEMO_06710	1
DEMO_06711	1
DEMO_06712	1
DEMO_06713	1
DEMO_06714	1
DEMO_06715	1
DEMO_06716	1
DEMO_06717	1
DEMO_06718	1
DEMO_06719	1
DEMO_06720	1
DEMO_06721	1
DEMO_06722	1
DEMO_06723	1
DEMO_06724	1
DEMO_06725	1
DEMO_06726	1
DEMO_06727	1
DEMO_06728	1
DEMO_06729	1
DEMO_06730	1
DEMO_06731	1
DEMO_06732	1
DEMO_06733	1
DEMO_06734	1
DEMO_06735	1
DEMO_06736	1
DEMO_06737	1
DEMO_06738	1
DEMO_06739	1
DEMO_06740	1
DEMO_06741	1
DEMO_06742	1
DEMO_06743	1
DEMO_06744	1
DEMO_06745	1
DEMO_06746	1
DEMO_06747	1
DEMO_06748	1
DEMO_06749	1
DEMO_06750	1
DEMO_06751	1
DEMO_06752	1
DEMO_06753	1
DEMO_06754	1
DEMO_06755	1
DEMO_06756	1
DEMO_06757	1
DEMO_06758	1
DEMO_06759	1
DEMO_06760	1
DEMO_06761	1
DEMO_06762	1
DEMO_06763	1
DEMO_06764	1
DEMO_06765	1
DEMO_06766	1
DEMO_06767	1
DEMO_06768	1
DEMO_06769	1
DEMO_06770	1
DEMO_06771	1
DEMO_06772	1
DEMO_06773	1
DEMO_06774	1
DEMO_06775	1
DEMO_06776	1
DEMO_06777	1
DEMO_06778	1
DEMO_06779	1
DEMO_06780	1
DEMO_06781	1
DEMO_06782	1
DEMO_06783	1
DEMO_06784	1
DEMO_06785	1
DEMO_06786	1
DEMO_06787	1
DEMO_06788	1
DEMO_06789	1
DEMO_06790	1
DEMO_06791	1
DEMO_06792	1
DEMO_06793	1
DEMO_06794	1
DEMO_06795	1
DEMO_06796	1
DEMO_06797	1
DEMO_06798	1
DEMO_06799	1
DEMO_06800	1
DEMO_06801	1
DEMO_06802	1
DEMO_06803	1
DEMO_06804	1
DEMO_06805	1
DEMO_06806	1
DEMO_06807	1
DEMO_06808	1
DEMO_06809	1
DEMO_06810	1
DEMO_06811	1
DEMO_06812	1
DEMO_06813	1
DEMO_06814	1
DEMO_06815	1
DEMO_06816	1
DEMO_06817	1
DEMO_06818	1
DEMO_06819	1
DEMO_06820	1
DEMO_06821	1
DEMO_06822	1
DEMO_06823	1
DEMO_06824	1
DEMO_06825	1
DEMO_06826	1
DEMO_06827	1
DEMO_06828	1
DEMO_06829	1
DEMO_06830	1
DEMO_06831	1
DEMO_06832	1
DEMO_06833	1
DEMO_06834	1
DEMO_06835	1
DEMO_06836	1
DEMO_06837	1
DEMO_06838	1
DEMO_06839	1
DEMO_06840	1
DEMO_06841	1
DEMO_06842	1
DEMO_06843	1
DEMO_06844	1
DEMO_06845	1
DEMO_06846	1
DEMO_06847	1
DEMO_06848	1
DEMO_06849	1
DEMO_06850	1
DEMO_06851	1
DEMO_06852	1
DEMO_06853	1
DEMO_06854	1
DEMO_06855	1
DEMO_06856	1
DEMO_06857	1
DEMO_06858	1
DEMO_06859	1
DEMO_06860	1
DEMO_06861	1
DEMO_06862	1
DEMO_06863	1
DEMO_06864	1
DEMO_06865	1
DEMO_06866	1
DEMO_06867	1
DEMO_06868	1
DEMO_06869	1
DEMO_06870	1
DEMO_06871	1
DEMO_06872	1
DEMO_06873	1
DEMO_06874	1
DEMO_06875	1
DEMO_06876	1
DEMO_06877	1
DEMO_06878	1
DEMO_06879	1
DEMO_06880	1
DEMO_06881	1
DEMO_06882	1
DEMO_06883	1
DEMO_06884	1
DEMO_06885	1
DEMO_06886	1
DEMO_06887	1
DEMO_06888	1
DEMO_06889	1
DEMO_06890	1
DEMO_06891	1
DEMO_06892	1
DEMO_06893	1
DEMO_06894	1
DEMO_06895	1
DEMO_06896	1
DEMO_06897	1
DEMO_06898	1
DEMO_06899	1
DEMO_06900	1
DEMO_06901	1
DEMO_06902	1
DEMO_06903	1
DEMO_06904	1
DEMO_06905	1
DEMO_06906	1
DEMO_06907	1
DEMO_06908	1
DEMO_06909	1
DEMO_06910	1
DEMO_06911	1
DEMO_06912	1
DEMO_06913	1
DEMO_06914	1
DEMO_06915	1
DEMO_06916	1
DEMO_06917	1
DEMO_06918	1
DEMO_06919	1
DEMO_06920	1
DEMO_06921	1
DEMO_06922	1
DEMO_06923	1
DEMO_06924	1
DEMO_06925	1
DEMO_06926	1
DEMO_06927	1
DEMO_06928	1
DEMO_06929	1
DEMO_06930	1
DEMO_06931	1
DEMO_06932	1
DEMO_06933	1
DEMO_06934	1
DEMO_06935	1
DEMO_06936	1
DEMO_06937	1
DEMO_06938	1
DEMO_06939	1
DEMO_06940	1
DEMO_06941	1
DEMO_06942	1
DEMO_06943	1
DEMO_06944	1
DEMO_06945	1
DEMO_06946	1
DEMO_06947	1
DEMO_06948	1
DEMO_06949	1
DEMO_06950	1
DEMO_06951	1
DEMO_06952	1
DEMO_06953	1
DEMO_06954	1
DEMO_06955	1
DEMO_06956	1
DEMO_06957	1
DEMO_06958	1
DEMO_06959	1
DEMO_06960	1
DEMO_06961	1
DEMO_06962	1
DEMO_06963	1
DEMO_06964	1
DEMO_06965	1
DEMO_06966	1
DEMO_06967	1
DEMO_06968	1
DEMO_06969	1
DEMO_06970	1
DEMO_06971	1
DEMO_06972	1
DEMO_06973	1
DEMO_06974	1
DEMO_06975	1
DEMO_06976	1
DEMO_06977	1
DEMO_06978	1
DEMO_06979	1
DEMO_06980	1
DEMO_06981	1
DEMO_06982	1
DEMO_06983	1
DEMO_06984	1
DEMO_06985	1
DEMO_06986	1
DEMO_06987	1
DEMO_06988	1
DEMO_06989	1
DEMO_06990	1
DEMO_06991	1
DEMO_06992	1
DEMO_06993	1
DEMO_06994	1
DEMO_06995	1
DEMO_06996	1
DEMO_06997	1
DEMO_06998	1
DEMO_06999	1
DEMO_07000	1
DEMO_07001	1
DEMO_07002	1
DEMO_07003	1
DEMO_07004	1
DEMO_07005	1
DEMO_07006	1
DEMO_07007	1
DEMO_07008	1
DEMO_07009	1
DEMO_07010	1
DEMO_07011	1
DEMO_07012	1
DEMO_07013	1
DEMO_07014	1
DEMO_07015	1
DEMO_07016	1
DEMO_07017	1
DEMO_07018	1
DEMO_07019	1
DEMO_07020	1
DEMO_07021	1
DEMO_07022	1
DEMO_07023	1
DEMO_07024	1
DEMO_07025	1
DEMO_07026	1
DEMO_07027	1
DEMO_07028	1
DEMO_07029	1
DEMO_07030	1
DEMO_07031	1
DEMO_07032	1
DEMO_07033	1
DEMO_07034	1
DEMO_07035	1
DEMO_07036	1
DEMO_07037	1
DEMO_07038	1
DEMO_07039	1
DEMO_07040	1
DEMO_07041	1
DEMO_07042	1
DEMO_07043	1
DEMO_07044	1
DEMO_07045	1
DEMO_07046	1
DEMO_07047	1
DEMO_07048	1
DEMO_07049	1
DEMO_07050	1
DEMO_07051	1
DEMO_07052	1
DEMO_07053	1
DEMO_07054	1
DEMO_07055	1
DEMO_07056	1
DEMO_07057	1
DEMO_07058	1
DEMO_07059	1
DEMO_07060	1
DEMO_07061	1
DEMO_07062	1
DEMO_07063	1
DEMO_07064	1
DEMO_07065	1
DEMO_07066	1
DEMO_07067	1
DEMO_07068	1
DEMO_07069	1
DEMO_07070	1
DEMO_07071	1
DEMO_07072	1
DEMO_07073	1
DEMO_07074	1
DEMO_07075	1
DEMO_07076	1
DEMO_07077	1
DEMO_07078	1
DEMO_07079	1
DEMO_07080	1
DEMO_07081	1
DEMO_07082	1
DEMO_07083	1
DEMO_07084	1
DEMO_07085	1
DEMO_07086	1
DEMO_07087	1
DEMO_07088	1
DEMO_07089	1
DEMO_07090	1
DEMO_07091	1
DEMO_07092	1
DEMO_07093	1
DEMO_07094	1
DEMO_07095	1
DEMO_07096	1
DEMO_07097	1
DEMO_07098	1
DEMO_07099	1
DEMO_07100	1
DEMO_07101	1
DEMO_07102	1
DEMO_07103	1
DEMO_07104	1
DEMO_07105	1
DEMO_07106	1
DEMO_07107	1
DEMO_07108	1
DEMO_07109	1
DEMO_07110	1
DEMO_07111	1
DEMO_07112	1
DEMO_07113	1
DEMO_07114	1
DEMO_07115	1
DEMO_07116	1
DEMO_07117	1
DEMO_07118	1
DEMO_07119	1
DEMO_07120	1
DEMO_07121	1
DEMO_07122	1
DEMO_07123	1
DEMO_07124	1
DEMO_07125	1
DEMO_07126	1
DEMO_07127	1
DEMO_07128	1
DEMO_07129	1
DEMO_07130	1
DEMO_07131	1
DEMO_07132	1
DEMO_07133	1
DEMO_07134	1
DEMO_07135	1
DEMO_07136	1
DEMO_07137	1
DEMO_07138	1
DEMO_07139	1
DEMO_07140	1
DEMO_07141	1
DEMO_07142	1
DEMO_07143	1
DEMO_07144	1
DEMO_07145	1
DEMO_07146	1
DEMO_07147	1
DEMO_07148	1
DEMO_07149	1
DEMO_07150	1
DEMO_07151	1
DEMO_07152	1
DEMO_07153	1
DEMO_07154	1
DEMO_07155	1
DEMO_07156	1
DEMO_07157	1
DEMO_07158	1
DEMO_07159	1
DEMO_07160	1
DEMO_07161	1
DEMO_07162	1
DEMO_07163	1
DEMO_07164	1
DEMO_07165	1
DEMO_07166	1
DEMO_07167	1
DEMO_07168	1
DEMO_07169	1
DEMO_07170	1
DEMO_07171	1
DEMO_07172	1
DEMO_07173	1
DEMO_07174	1
DEMO_07175	1
DEMO_07176	1
DEMO_07177	1
DEMO_07178	1
DEMO_07179	1
DEMO_07180	1
DEMO_07181	1
DEMO_07182	1
DEMO_07183	1
DEMO_07184	1
DEMO_07185	1
DEMO_07186	1
DEMO_07187	1
DEMO_07188	1
DEMO_07189	1
DEMO_07190	1
DEMO_07191	1
DEMO_07192	1
DEMO_07193	1
DEMO_07194	1
DEMO_07195	1
DEMO_07196	1
DEMO_07197	1
DEMO_07198	1
DEMO_07199	1
DEMO_07200	1
DEMO_07201	1
DEMO_07202	1
DEMO_07203	1
DEMO_07204	1
DEMO_07205	1
DEMO_07206	1
DEMO_07207	1
DEMO_07208	1
DEMO_07209	1
DEMO_07210	1
DEMO_07211	1
DEMO_07212	1
DEMO_07213	1
DEMO_07214	1
DEMO_07215	1
DEMO_07216	1
DEMO_07217	1
DEMO_07218	1
DEMO_07219	1
DEMO_07220	1
DEMO_07221	1
DEMO_07222	1
DEMO_07223	1
DEMO_07224	1
DEMO_07225	1
DEMO_07226	1
DEMO_07227	1
DEMO_07228	1
DEMO_07229	1
DEMO_07230	1
DEMO_07231	1
DEMO_07232	1
DEMO_07233	1
DEMO_07234	1
DEMO_07235	1
DEMO_07236	1
DEMO_07237	1
DEMO_07238	1
DEMO_07239	1
DEMO_07240	1
DEMO_07241	1
DEMO_07242	1
DEMO_07243	1
DEMO_07244	1
DEMO_07245	1
DEMO_07246	1
DEMO_07247	1
DEMO_07248	1
DEMO_07249	1
DEMO_07250	1
DEMO_07251	1
DEMO_07252	1
DEMO_07253	1
DEMO_07254	1
DEMO_07255	1
DEMO_07256	1
DEMO_07257	1
DEMO_07258	1
DEMO_07259	1
DEMO_07260	1
DEMO_07261	1
DEMO_07262	1
DEMO_07263	1
DEMO_07264	1
DEMO_07265	1
DEMO_07266	1
DEMO_07267	1
DEMO_07268	1
DEMO_07269	1
DEMO_07270	1
DEMO_07271	1
DEMO_07272	1
DEMO_07273	1
DEMO_07274	1
DEMO_07275	1
DEMO_07276	1
DEMO_07277	1
DEMO_07278	1
DEMO_07279	1
DEMO_07280	1
DEMO_07281	1
DEMO_07282	1
DEMO_07283	1
DEMO_07284	1
DEMO_07285	1
DEMO_07286	1
DEMO_07287	1
DEMO_07288	1
DEMO_07289	1
DEMO_07290	1
DEMO_07291	1
DEMO_07292	1
DEMO_07293	1
DEMO_07294	1
DEMO_07295	1
DEMO_07296	1
DEMO_07297	1
DEMO_07298	1
DEMO_07299	1
DEMO_07300	1
DEMO_07301	1
DEMO_07302	1
DEMO_07303	1
DEMO_07304	1
DEMO_07305	1
DEMO_07306	1
DEMO_07307	1
DEMO_07308	1
DEMO_07309	1
DEMO_07310	1
DEMO_07311	1
DEMO_07312	1
DEMO_07313	1
DEMO_07314	1
DEMO_07315	1
DEMO_07316	1
DEMO_07317	1
DEMO_07318	1
DEMO_07319	1
DEMO_07320	1
DEMO_07321	1
DEMO_07322	1
DEMO_07323	1
DEMO_07324	1
DEMO_07325	1
DEMO_07326	1
DEMO_07327	1
DEMO_07328	1
DEMO_07329	1
DEMO_07330	1
DEMO_07331	1
DEMO_07332	1
DEMO_07333	1
DEMO_07334	1
DEMO_07335	1
DEMO_07336	1
DEMO_07337	1
DEMO_07338	1
DEMO_07339	1
DEMO_07340	1
DEMO_07341	1
DEMO_07342	1
DEMO_07343	1
DEMO_07344	1
DEMO_07345	1
DEMO_07346	1
DEMO_07347	1
DEMO_07348	1
DEMO_07349	1
DEMO_07350	1
DEMO_07351	1
DEMO_07352	1
DEMO_07353	1
DEMO_07354	1
DEMO_07355	1
DEMO_07356	1
DEMO_07357	1
DEMO_07358	1
DEMO_07359	1
DEMO_07360	1
DEMO_07361	1
DEMO_07362	1
DEMO_07363	1
DEMO_07364	1
DEMO_07365	1
DEMO_07366	1
DEMO_07367	1
DEMO_07368	1
DEMO_07369	1
DEMO_07370	1
DEMO_07371	1
DEMO_07372	1
DEMO_07373	1
DEMO_07374	1
DEMO_07375	1
DEMO_07376	1
DEMO_07377	1
DEMO_07378	1
DEMO_07379	1
DEMO_07380	1
DEMO_07381	1
DEMO_07382	1
DEMO_07383	1
DEMO_07384	1
DEMO_07385	1
DEMO_07386	1
DEMO_07387	1
DEMO_07388	1
DEMO_07389	1
DEMO_07390	1
DEMO_07391	1
DEMO_07392	1
DEMO_07393	1
DEMO_07394	1
DEMO_07395	1
DEMO_07396	1
DEMO_07397	1
DEMO_07398	1
DEMO_07399	1
DEMO_07400	1
DEMO_07401	1
DEMO_07402	1
DEMO_07403	1
DEMO_07404	1
DEMO_07405	1
DEMO_07406	1
DEMO_07407	1
DEMO_07408	1
DEMO_07409	1
DEMO_07410	1
DEMO_07411	1
DEMO_07412	1
DEMO_07413	1
DEMO_07414	1
DEMO_07415	1
DEMO_07416	1
DEMO_07417	1
DEMO_07418	1
DEMO_07419	1
DEMO_07420	1
DEMO_07421	1
DEMO_07422	1
DEMO_07423	1
DEMO_07424	1
DEMO_07425	1
DEMO_07426	1
DEMO_07427	1
DEMO_07428	1
DEMO_07429	1
DEMO_07430	1
DEMO_07431	1
DEMO_07432	1
DEMO_07433	1
DEMO_07434	1
DEMO_07435	1
DEMO_07436	1
DEMO_07437	1
DEMO_07438	1
DEMO_07439	1
DEMO_07440	1
DEMO_07441	1
DEMO_07442	1
DEMO_07443	1
DEMO_07444	1
DEMO_07445	1
DEMO_07446	1
DEMO_07447	1
DEMO_07448	1
DEMO_07449	1
DEMO_07450	1
DEMO_07451	1
DEMO_07452	1
DEMO_07453	1
DEMO_07454	1
DEMO_07455	1
DEMO_07456	1
DEMO_07457	1
DEMO_07458	1
DEMO_07459	1
DEMO_07460	1
DEMO_07461	1
DEMO_07462	1
DEMO_07463	1
DEMO_07464	1
DEMO_07465	1
DEMO_07466	1
DEMO_07467	1
DEMO_07468	1
DEMO_07469	1
DEMO_07470	1
DEMO_07471	1
DEMO_07472	1
DEMO_07473	1
DEMO_07474	1
DEMO_07475	1
DEMO_07476	1
DEMO_07477	1
DEMO_07478	1
DEMO_07479	1
DEMO_07480	1
DEMO_07481	1
DEMO_07482	1
DEMO_07483	1
DEMO_07484	1
DEMO_07485	1
DEMO_07486	1
DEMO_07487	1
DEMO_07488	1
DEMO_07489	1
DEMO_07490	1
DEMO_07491	1
DEMO_07492	1
DEMO_07493	1
DEMO_07494	1
DEMO_07495	1
DEMO_07496	1
DEMO_07497	1
DEMO_07498	1
DEMO_07499	1
DEMO_07500	1
DEMO_07501	1
DEMO_07502	1
DEMO_07503	1
DEMO_07504	1
DEMO_07505	1
DEMO_07506	1
DEMO_07507	1
DEMO_07508	1
DEMO_07509	1
DEMO_07510	1
DEMO_07511	1
DEMO_07512	1
DEMO_07513	1
DEMO_07514	1
DEMO_07515	1
DEMO_07516	1
DEMO_07517	1
DEMO_07518	1
DEMO_07519	1
DEMO_07520	1
DEMO_07521	1
DEMO_07522	1
DEMO_07523	1
DEMO_07524	1
DEMO_07525	1
DEMO_07526	1
DEMO_07527	1
DEMO_07528	1
DEMO_07529	1
DEMO_07530	1
DEMO_07531	1
DEMO_07532	1
DEMO_07533	1
DEMO_07534	1
DEMO_07535	1
DEMO_07536	1
DEMO_07537	1
DEMO_07538	1
DEMO_07539	1
DEMO_07540	1
DEMO_07541	1
DEMO_07542	1
DEMO_07543	1
DEMO_07544	1
DEMO_07545	1
DEMO_07546	1
DEMO_07547	1
DEMO_07548	1
DEMO_07549	1
DEMO_07550	1
DEMO_07551	1
DEMO_07552	1
DEMO_07553	1
DEMO_07554	1
DEMO_07555	1
DEMO_07556	1
DEMO_07557	1
DEMO_07558	1
DEMO_07559	1
DEMO_07560	1
DEMO_07561	1
DEMO_07562	1
DEMO_07563	1
DEMO_07564	1
DEMO_07565	1
DEMO_07566	1
DEMO_07567	1
DEMO_07568	1
DEMO_07569	1
DEMO_07570	1
DEMO_07571	1
DEMO_07572	1
DEMO_07573	1
DEMO_07574	1
DEMO_07575	1
DEMO_07576	1
DEMO_07577	1
DEMO_07578	1
DEMO_07579	1
DEMO_07580	1
DEMO_07581	1
DEMO_07582	1
DEMO_07583	1
DEMO_07584	1
DEMO_07585	1
DEMO_07586	1
DEMO_07587	1
DEMO_07588	1
DEMO_07589	1
DEMO_07590	1
DEMO_07591	1
DEMO_07592	1
DEMO_07593	1
DEMO_07594	1
DEMO_07595	1
DEMO_07596	1
DEMO_07597	1
DEMO_07598	1
DEMO_07599	1
DEMO_07600	1
DEMO_07601	1
DEMO_07602	1
DEMO_07603	1
DEMO_07604	1
DEMO_07605	1
DEMO_07606	1
DEMO_07607	1
DEMO_07608	1
DEMO_07609	1
DEMO_07610	1
DEMO_07611	1
DEMO_07612	1
DEMO_07613	1
DEMO_07614	1
DEMO_07615	1
DEMO_07616	1
DEMO_07617	1
DEMO_07618	1
DEMO_07619	1
DEMO_07620	1
DEMO_07621	1
DEMO_07622	1
DEMO_07623	1
DEMO_07624	1
DEMO_07625	1
DEMO_07626	1
DEMO_07627	1
DEMO_07628	1
DEMO_07629	1
DEMO_07630	1
DEMO_07631	1
DEMO_07632	1
DEMO_07633	1
DEMO_07634	1
DEMO_07635	1
DEMO_07636	1
DEMO_07637	1
DEMO_07638	1
DEMO_07639	1
DEMO_07640	1
DEMO_07641	1
DEMO_07642	1
DEMO_07643	1
DEMO_07644	1
DEMO_07645	1
DEMO_07646	1
DEMO_07647	1
DEMO_07648	1
DEMO_07649	1
DEMO_07650	1
DEMO_07651	1
DEMO_07652	1
DEMO_07653	1
DEMO_07654	1
DEMO_07655	1
DEMO_07656	1
DEMO_07657	1
DEMO_07658	1
DEMO_07659	1
DEMO_07660	1
DEMO_07661	1
DEMO_07662	1
DEMO_07663	1
DEMO_07664	1
DEMO_07665	1
DEMO_07666	1
DEMO_07667	1
DEMO_07668	1
DEMO_07669	1
DEMO_07670	1
DEMO_07671	1
DEMO_07672	1
DEMO_07673	1
DEMO_07674	1
DEMO_07675	1
DEMO_07676	1
DEMO_07677	1
DEMO_07678	1
DEMO_07679	1
DEMO_07680	1
DEMO_07681	1
DEMO_07682	1
DEMO_07683	1
DEMO_07684	1
DEMO_07685	1
DEMO_07686	1
DEMO_07687	1
DEMO_07688	1
DEMO_07689	1
DEMO_07690	1
DEMO_07691	1
DEMO_07692	1
DEMO_07693	1
DEMO_07694	1
DEMO_07695	1
DEMO_07696	1
DEMO_07697	1
DEMO_07698	1
DEMO_07699	1
DEMO_07700	1
DEMO_07701	1
DEMO_07702	1
DEMO_07703	1
DEMO_07704	1
DEMO_07705	1
DEMO_07706	1
DEMO_07707	1
DEMO_07708	1
DEMO_07709	1
DEMO_07710	1
DEMO_07711	1
DEMO_07712	1
DEMO_07713	1
DEMO_07714	1
DEMO_07715	1
DEMO_07716	1
DEMO_07717	1
DEMO_07718	1
DEMO_07719	1
DEMO_07720	1
DEMO_07721	1
DEMO_07722	1
DEMO_07723	1
DEMO_07724	1
DEMO_07725	1
DEMO_07726	1
DEMO_07727	1
DEMO_07728	1
DEMO_07729	1
DEMO_07730	1
DEMO_07731	1
DEMO_07732	1
DEMO_07733	1
DEMO_07734	1
DEMO_07735	1
DEMO_07736	1
DEMO_07737	1
DEMO_07738	1
DEMO_07739	1
DEMO_07740	1
DEMO_07741	1
DEMO_07742	1
DEMO_07743	1
DEMO_07744	1
DEMO_07745	1
DEMO_07746	1
DEMO_07747	1
DEMO_07748	1
DEMO_07749	1
DEMO_07750	1
DEMO_07751	1
DEMO_07752	1
DEMO_07753	1
DEMO_07754	1
DEMO_07755	1
DEMO_07756	1
DEMO_07757	1
DEMO_07758	1
DEMO_07759	1
DEMO_07760	1
DEMO_07761	1
DEMO_07762	1
DEMO_07763	1
DEMO_07764	1
DEMO_07765	1
DEMO_07766	1
DEMO_07767	1
DEMO_07768	1
DEMO_07769	1
DEMO_07770	1
DEMO_07771	1
DEMO_07772	1
DEMO_07773	1
DEMO_07774	1
DEMO_07775	1
DEMO_07776	1
DEMO_07777	1
DEMO_07778	1
DEMO_07779	1
DEMO_07780	1
DEMO_07781	1
DEMO_07782	1
DEMO_07783	1
DEMO_07784	1
DEMO_07785	1
DEMO_07786	1
DEMO_07787	1
DEMO_07788	1
DEMO_07789	1
DEMO_07790	1
DEMO_07791	1
DEMO_07792	1
DEMO_07793	1
DEMO_07794	1
DEMO_07795	1
DEMO_07796	1
DEMO_07797	1
DEMO_07798	1
DEMO_07799	1
DEMO_07800	1
DEMO_07801	1
DEMO_07802	1
DEMO_07803	1
DEMO_07804	1
DEMO_07805	1
DEMO_07806	1
DEMO_07807	1
DEMO_07808	1
DEMO_07809	1
DEMO_07810	1
DEMO_07811	1
DEMO_07812	1
DEMO_07813	1
DEMO_07814	1
DEMO_07815	1
DEMO_07816	1
DEMO_07817	1
DEMO_07818	1
DEMO_07819	1
DEMO_07820	1
DEMO_07821	1
DEMO_07822	1
DEMO_07823	1
DEMO_07824	1
DEMO_07825	1
DEMO_07826	1
DEMO_07827	1
DEMO_07828	1
DEMO_07829	1
DEMO_07830	1
DEMO_07831	1
DEMO_07832	1
DEMO_07833	1
DEMO_07834	1
DEMO_07835	1
DEMO_07836	1
DEMO_07837	1
DEMO_07838	1
DEMO_07839	1
DEMO_07840	1
DEMO_07841	1
DEMO_07842	1
DEMO_07843	1
DEMO_07844	1
DEMO_07845	1
DEMO_07846	1
DEMO_07847	1
DEMO_07848	1
DEMO_07849	1
DEMO_07850	1
DEMO_07851	1
DEMO_07852	1
DEMO_07853	1
DEMO_07854	1
DEMO_07855	1
DEMO_07856	1
DEMO_07857	1
DEMO_07858	1
DEMO_07859	1
DEMO_07860	1
DEMO_07861	1
DEMO_07862	1
DEMO_07863	1
DEMO_07864	1
DEMO_07865	1
DEMO_07866	1
DEMO_07867	1
DEMO_07868	1
DEMO_07869	1
DEMO_07870	1
DEMO_07871	1
DEMO_07872	1
DEMO_07873	1
DEMO_07874	1
DEMO_07875	1
DEMO_07876	1
DEMO_07877	1
DEMO_07878	1
DEMO_07879	1
DEMO_07880	1
DEMO_07881	1
DEMO_07882	1
DEMO_07883	1
DEMO_07884	1
DEMO_07885	1
DEMO_07886	1
DEMO_07887	1
DEMO_07888	1
DEMO_07889	1
DEMO_07890	1
DEMO_07891	1
DEMO_07892	1
DEMO_07893	1
DEMO_07894	1
DEMO_07895	1
DEMO_07896	1
DEMO_07897	1
DEMO_07898	1
DEMO_07899	1
DEMO_07900	1
DEMO_07901	1
DEMO_07902	1
DEMO_07903	1
DEMO_07904	1
DEMO_07905	1
DEMO_07906	1
DEMO_07907	1
DEMO_07908	1
DEMO_07909	1
DEMO_07910	1
DEMO_07911	1
DEMO_07912	1
DEMO_07913	1
DEMO_07914	1
DEMO_07915	1
DEMO_07916	1
DEMO_07917	1
DEMO_07918	1
DEMO_07919	1
DEMO_07920	1
DEMO_07921	1
DEMO_07922	1
DEMO_07923	1
DEMO_07924	1
DEMO_07925	1
DEMO_07926	1
DEMO_07927	1
DEMO_07928	1
DEMO_07929	1
DEMO_07930	1
DEMO_07931	1
DEMO_07932	1
DEMO_07933	1
DEMO_07934	1
DEMO_07935	1
DEMO_07936	1
DEMO_07937	1
DEMO_07938	1
DEMO_07939	1
DEMO_07940	1
DEMO_07941	1
DEMO_07942	1
DEMO_07943	1
DEMO_07944	1
DEMO_07945	1
DEMO_07946	1
DEMO_07947	1
DEMO_07948	1
DEMO_07949	1
DEMO_07950	1
DEMO_07951	1
DEMO_07952	1
DEMO_07953	1
DEMO_07954	1
DEMO_07955	1
DEMO_07956	1
DEMO_07957	1
DEMO_07958	1
DEMO_07959	1
DEMO_07960	1
DEMO_07961	1
DEMO_07962	1
DEMO_07963	1
DEMO_07964	1
DEMO_07965	1
DEMO_07966	1
DEMO_07967	1
DEMO_07968	1
DEMO_07969	1
DEMO_07970	1
DEMO_07971	1
DEMO_07972	1
DEMO_07973	1
DEMO_07974	1
DEMO_07975	1
DEMO_07976	1
DEMO_07977	1
DEMO_07978	1
DEMO_07979	1
DEMO_07980	1
DEMO_07981	1
DEMO_07982	1
DEMO_07983	1
DEMO_07984	1
DEMO_07985	1
DEMO_07986	1
DEMO_07987	1
DEMO_07988	1
DEMO_07989	1
DEMO_07990	1
DEMO_07991	1
DEMO_07992	1
DEMO_07993	1
DEMO_07994	1
DEMO_07995	1
DEMO_07996	1
DEMO_07997	1
DEMO_07998	1
DEMO_07999	1
DEMO_08000	1
DEMO_08001	1
DEMO_08002	1
DEMO_08003	1
DEMO_08004	1
DEMO_08005	1
DEMO_08006	1
DEMO_08007	1
DEMO_08008	1
DEMO_08009	1
DEMO_08010	1
DEMO_08011	1
DEMO_08012	1
DEMO_08013	1
DEMO_08014	1
DEMO_08015	1
DEMO_08016	1
DEMO_08017	1
DEMO_08018	1
DEMO_08019	1
DEMO_08020	1
DEMO_08021	1
DEMO_08022	1
DEMO_08023	1
DEMO_08024	1
DEMO_08025	1
DEMO_08026	1
DEMO_08027	1
DEMO_08028	1
DEMO_08029	1
DEMO_08030	1
DEMO_08031	1
DEMO_08032	1
DEMO_08033	1
DEMO_08034	1
DEMO_08035	1
DEMO_08036	1
DEMO_08037	1
DEMO_08038	1
DEMO_08039	1
DEMO_08040	1
DEMO_08041	1
DEMO_08042	1
DEMO_08043	1
DEMO_08044	1
DEMO_08045	1
DEMO_08046	1
DEMO_08047	1
DEMO_08048	1
DEMO_08049	1
DEMO_08050	1
DEMO_08051	1
DEMO_08052	1
DEMO_08053	1
DEMO_08054	1
DEMO_08055	1
DEMO_08056	1
DEMO_08057	1
DEMO_08058	1
DEMO_08059	1
DEMO_08060	1
DEMO_08061	1
DEMO_08062	1
DEMO_08063	1
DEMO_08064	1
DEMO_08065	1
DEMO_08066	1
DEMO_08067	1
DEMO_08068	1
DEMO_08069	1
DEMO_08070	1
DEMO_08071	1
DEMO_08072	1
DEMO_08073	1
DEMO_08074	1
DEMO_08075	1
DEMO_08076	1
DEMO_08077	1
DEMO_08078	1
DEMO_08079	1
DEMO_08080	1
DEMO_08081	1
DEMO_08082	1
DEMO_08083	1
DEMO_08084	1
DEMO_08085	1
DEMO_08086	1
DEMO_08087	1
DEMO_08088	1
DEMO_08089	1
DEMO_08090	1
DEMO_08091	1
DEMO_08092	1
DEMO_08093	1
DEMO_08094	1
DEMO_08095	1
DEMO_08096	1
DEMO_08097	1
DEMO_08098	1
DEMO_08099	1
DEMO_08100	1
DEMO_08101	1
DEMO_08102	1
DEMO_08103	1
DEMO_08104	1
DEMO_08105	1
DEMO_08106	1
DEMO_08107	1
DEMO_08108	1
DEMO_08109	1
DEMO_08110	1
DEMO_08111	1
DEMO_08112	1
DEMO_08113	1
DEMO_08114	1
DEMO_08115	1
DEMO_08116	1
DEMO_08117	1
DEMO_08118	1
DEMO_08119	1
DEMO_08120	1
DEMO_08121	1
DEMO_08122	1
DEMO_08123	1
DEMO_08124	1
DEMO_08125	1
DEMO_08126	1
DEMO_08127	1
DEMO_08128	1
DEMO_08129	1
DEMO_08130	1
DEMO_08131	1
DEMO_08132	1
DEMO_08133	1
DEMO_08134	1
DEMO_08135	1
DEMO_08136	1
DEMO_08137	1
DEMO_08138	1
DEMO_08139	1
DEMO_08140	1
DEMO_08141	1
DEMO_08142	1
DEMO_08143	1
DEMO_08144	1
DEMO_08145	1
DEMO_08146	1
DEMO_08147	1
DEMO_08148	1
DEMO_08149	1
DEMO_08150	1
DEMO_08151	1
DEMO_08152	1
DEMO_08153	1
DEMO_08154	1
DEMO_08155	1
DEMO_08156	1
DEMO_08157	1
DEMO_08158	1
DEMO_08159	1
DEMO_08160	1
DEMO_08161	1
DEMO_08162	1
DEMO_08163	1
DEMO_08164	1
DEMO_08165	1
DEMO_08166	1
DEMO_08167	1
DEMO_08168	1
DEMO_08169	1
DEMO_08170	1
DEMO_08171	1
DEMO_08172	1
DEMO_08173	1
DEMO_08174	1
DEMO_08175	1
DEMO_08176	1
DEMO_08177	1
DEMO_08178	1
DEMO_08179	1
DEMO_08180	1
DEMO_08181	1
DEMO_08182	1
DEMO_08183	1
DEMO_08184	1
DEMO_08185	1
DEMO_08186	1
DEMO_08187	1
DEMO_08188	1
DEMO_08189	1
DEMO_08190	1
DEMO_08191	1
DEMO_08192	1
DEMO_08193	1
DEMO_08194	1
DEMO_08195	1
DEMO_08196	1
DEMO_08197	1
DEMO_08198	1
DEMO_08199	1
DEMO_08200	1
DEMO_08201	1
DEMO_08202	1
DEMO_08203	1
DEMO_08204	1
DEMO_08205	1
DEMO_08206	1
DEMO_08207	1
DEMO_08208	1
DEMO_08209	1
DEMO_08210	1
DEMO_08211	1
DEMO_08212	1
DEMO_08213	1
DEMO_08214	1
DEMO_08215	1
DEMO_08216	1
DEMO_08217	1
DEMO_08218	1
DEMO_08219	1
DEMO_08220	1
DEMO_08221	1
DEMO_08222	1
DEMO_08223	1
DEMO_08224	1
DEMO_08225	1
DEMO_08226	1
DEMO_08227	1
DEMO_08228	1
DEMO_08229	1
DEMO_08230	1
DEMO_08231	1
DEMO_08232	1
DEMO_08233	1
DEMO_08234	1
DEMO_08235	1
DEMO_08236	1
DEMO_08237	1
DEMO_08238	1
DEMO_08239	1
DEMO_08240	1
DEMO_08241	1
DEMO_08242	1
DEMO_08243	1
DEMO_08244	1
DEMO_08245	1
DEMO_08246	1
DEMO_08247	1
DEMO_08248	1
DEMO_08249	1
DEMO_08250	1
DEMO_08251	1
DEMO_08252	1
DEMO_08253	1
DEMO_08254	1
DEMO_08255	1
DEMO_08256	1
DEMO_08257	1
DEMO_08258	1
DEMO_08259	1
DEMO_08260	1
DEMO_08261	1
DEMO_08262	1
DEMO_08263	1
DEMO_08264	1
DEMO_08265	1
DEMO_08266	1
DEMO_08267	1
DEMO_08268	1
DEMO_08269	1
DEMO_08270	1
DEMO_08271	1
DEMO_08272	1
DEMO_08273	1
DEMO_08274	1
DEMO_08275	1
DEMO_08276	1
DEMO_08277	1
DEMO_08278	1
DEMO_08279	1
DEMO_08280	1
DEMO_08281	1
DEMO_08282	1
DEMO_08283	1
DEMO_08284	1
DEMO_08285	1
DEMO_08286	1
DEMO_08287	1
DEMO_08288	1
DEMO_08289	1
DEMO_08290	1
DEMO_08291	1
DEMO_08292	1
DEMO_08293	1
DEMO_08294	1
DEMO_08295	1
DEMO_08296	1
DEMO_08297	1
DEMO_08298	1
DEMO_08299	1
DEMO_08300	1
DEMO_08301	1
DEMO_08302	1
DEMO_08303	1
DEMO_08304	1
DEMO_08305	1
DEMO_08306	1
DEMO_08307	1
DEMO_08308	1
DEMO_08309	1
DEMO_08310	1
DEMO_08311	1
DEMO_08312	1
DEMO_08313	1
DEMO_08314	1
DEMO_08315	1
DEMO_08316	1
DEMO_08317	1
DEMO_08318	1
DEMO_08319	1
DEMO_08320	1
DEMO_08321	1
DEMO_08322	1
DEMO_08323	1
DEMO_08324	1
DEMO_08325	1
DEMO_08326	1
DEMO_08327	1
DEMO_08328	1
DEMO_08329	1
DEMO_08330	1
DEMO_08331	1
DEMO_08332	1
DEMO_08333	1
DEMO_08334	1
DEMO_08335	1
DEMO_08336	1
DEMO_08337	1
DEMO_08338	1
DEMO_08339	1
DEMO_08340	1
DEMO_08341	1
DEMO_08342	1
DEMO_08343	1
DEMO_08344	1
DEMO_08345	1
DEMO_08346	1
DEMO_08347	1
DEMO_08348	1
DEMO_08349	1
DEMO_08350	1
DEMO_08351	1
DEMO_08352	1
DEMO_08353	1
DEMO_08354	1
DEMO_08355	1
DEMO_08356	1
DEMO_08357	1
DEMO_08358	1
DEMO_08359	1
DEMO_08360	1
DEMO_08361	1
DEMO_08362	1
DEMO_08363	1
DEMO_08364	1
DEMO_08365	1
DEMO_08366	1
DEMO_08367	1
DEMO_08368	1
DEMO_08369	1
DEMO_08370	1
DEMO_08371	1
DEMO_08372	1
DEMO_08373	1
DEMO_08374	1
DEMO_08375	1
DEMO_08376	1
DEMO_08377	1
DEMO_08378	1
DEMO_08379	1
DEMO_08380	1
DEMO_08381	1
DEMO_08382	1
DEMO_08383	1
DEMO_08384	1
DEMO_08385	1
DEMO_08386	1
DEMO_08387	1
DEMO_08388	1
DEMO_08389	1
DEMO_08390	1
DEMO_08391	1
DEMO_08392	1
DEMO_08393	1
DEMO_08394	1
DEMO_08395	1
DEMO_08396	1
DEMO_08397	1
DEMO_08398	1
DEMO_08399	1
DEMO_08400	1
DEMO_08401	1
DEMO_08402	1
DEMO_08403	1
DEMO_08404	1
DEMO_08405	1
DEMO_08406	1
DEMO_08407	1
DEMO_08408	1
DEMO_08409	1
DEMO_08410	1
DEMO_08411	1
DEMO_08412	1
DEMO_08413	1
DEMO_08414	1
DEMO_08415	1
DEMO_08416	1
DEMO_08417	1
DEMO_08418	1
DEMO_08419	1
DEMO_08420	1
DEMO_08421	1
DEMO_08422	1
DEMO_08423	1
DEMO_08424	1
DEMO_08425	1
DEMO_08426	1
DEMO_08427	1
DEMO_08428	1
DEMO_08429	1
DEMO_08430	1
DEMO_08431	1
DEMO_08432	1
DEMO_08433	1
DEMO_08434	1
DEMO_08435	1
DEMO_08436	1
DEMO_08437	1
DEMO_08438	1
DEMO_08439	1
DEMO_08440	1
DEMO_08441	1
DEMO_08442	1
DEMO_08443	1
DEMO_08444	1
DEMO_08445	1
DEMO_08446	1
DEMO_08447	1
DEMO_08448	1
DEMO_08449	1
DEMO_08450	1
DEMO_08451	1
DEMO_08452	1
DEMO_08453	1
DEMO_08454	1
DEMO_08455	1
DEMO_08456	1
DEMO_08457	1
DEMO_08458	1
DEMO_08459	1
DEMO_08460	1
DEMO_08461	1
DEMO_08462	1
DEMO_08463	1
DEMO_08464	1
DEMO_08465	1
DEMO_08466	1
DEMO_08467	1
DEMO_08468	1
DEMO_08469	1
DEMO_08470	1
DEMO_08471	1
DEMO_08472	1
DEMO_08473	1
DEMO_08474	1
DEMO_08475	1
DEMO_08476	1
DEMO_08477	1
DEMO_08478	1
DEMO_08479	1
DEMO_08480	1
DEMO_08481	1
DEMO_08482	1
DEMO_08483	1
DEMO_08484	1
DEMO_08485	1
DEMO_08486	1
DEMO_08487	1
DEMO_08488	1
DEMO_08489	1
DEMO_08490	1
DEMO_08491	1
DEMO_08492	1
DEMO_08493	1
DEMO_08494	1
DEMO_08495	1
DEMO_08496	1
DEMO_08497	1
DEMO_08498	1
DEMO_08499	1
DEMO_08500	1
DEMO_08501	1
DEMO_08502	1
DEMO_08503	1
DEMO_08504	1
DEMO_08505	1
DEMO_08506	1
DEMO_08507	1
DEMO_08508	1
DEMO_08509	1
DEMO_08510	1
DEMO_08511	1
DEMO_08512	1
DEMO_08513	1
DEMO_08514	1
DEMO_08515	1
DEMO_08516	1
DEMO_08517	1
DEMO_08518	1
DEMO_08519	1
DEMO_08520	1
DEMO_08521	1
DEMO_08522	1
DEMO_08523	1
DEMO_08524	1
DEMO_08525	1
DEMO_08526	1
DEMO_08527	1
DEMO_08528	1
DEMO_08529	1
DEMO_08530	1
DEMO_08531	1
DEMO_08532	1
DEMO_08533	1
DEMO_08534	1
DEMO_08535	1
DEMO_08536	1
DEMO_08537	1
DEMO_08538	1
DEMO_08539	1
DEMO_08540	1
DEMO_08541	1
DEMO_08542	1
DEMO_08543	1
DEMO_08544	1
DEMO_08545	1
DEMO_08546	1
DEMO_08547	1
DEMO_08548	1
DEMO_08549	1
DEMO_08550	1
DEMO_08551	1
DEMO_08552	1
DEMO_08553	1
DEMO_08554	1
DEMO_08555	1
DEMO_08556	1
DEMO_08557	1
DEMO_08558	1
DEMO_08559	1
DEMO_08560	1
DEMO_08561	1
DEMO_08562	1
DEMO_08563	1
DEMO_08564	1
DEMO_08565	1
DEMO_08566	1
DEMO_08567	1
DEMO_08568	1
DEMO_08569	1
DEMO_08570	1
DEMO_08571	1
DEMO_08572	1
DEMO_08573	1
DEMO_08574	1
DEMO_08575	1
DEMO_08576	1
DEMO_08577	1
DEMO_08578	1
DEMO_08579	1
DEMO_08580	1
DEMO_08581	1
DEMO_08582	1
DEMO_08583	1
DEMO_08584	1
DEMO_08585	1
DEMO_08586	1
DEMO_08587	1
DEMO_08588	1
DEMO_08589	1
DEMO_08590	1
DEMO_08591	1
DEMO_08592	1
DEMO_08593	1
DEMO_08594	1
DEMO_08595	1
DEMO_08596	1
DEMO_08597	1
DEMO_08598	1
DEMO_08599	1
DEMO_08600	1
DEMO_08601	1
DEMO_08602	1
DEMO_08603	1
DEMO_08604	1
DEMO_08605	1
DEMO_08606	1
DEMO_08607	1
DEMO_08608	1
DEMO_08609	1
DEMO_08610	1
DEMO_08611	1
DEMO_08612	1
DEMO_08613	1
DEMO_08614	1
DEMO_08615	1
DEMO_08616	1
DEMO_08617	1
DEMO_08618	1
DEMO_08619	1
DEMO_08620	1
DEMO_08621	1
DEMO_08622	1
DEMO_08623	1
DEMO_08624	1
DEMO_08625	1
DEMO_08626	1
DEMO_08627	1
DEMO_08628	1
DEMO_08629	1
DEMO_08630	1
DEMO_08631	1
DEMO_08632	1
DEMO_08633	1
DEMO_08634	1
DEMO_08635	1
DEMO_08636	1
DEMO_08637	1
DEMO_08638	1
DEMO_08639	1
DEMO_08640	1
DEMO_08641	1
DEMO_08642	1
DEMO_08643	1
DEMO_08644	1
DEMO_08645	1
DEMO_08646	1
DEMO_08647	1
DEMO_08648	1
DEMO_08649	1
DEMO_08650	1
DEMO_08651	1
DEMO_08652	1
DEMO_08653	1
DEMO_08654	1
DEMO_08655	1
DEMO_08656	1
DEMO_08657	1
DEMO_08658	1
DEMO_08659	1
DEMO_08660	1
DEMO_08661	1
DEMO_08662	1
DEMO_08663	1
DEMO_08664	1
DEMO_08665	1
DEMO_08666	1
DEMO_08667	1
DEMO_08668	1
DEMO_08669	1
DEMO_08670	1
DEMO_08671	1
DEMO_08672	1
DEMO_08673	1
DEMO_08674	1
DEMO_08675	1
DEMO_08676	1
DEMO_08677	1
DEMO_08678	1
DEMO_08679	1
DEMO_08680	1
DEMO_08681	1
DEMO_08682	1
DEMO_08683	1
DEMO_08684	1
DEMO_08685	1
DEMO_08686	1
DEMO_08687	1
DEMO_08688	1
DEMO_08689	1
DEMO_08690	1
DEMO_08691	1
DEMO_08692	1
DEMO_08693	1
DEMO_08694	1
DEMO_08695	1
DEMO_08696	1
DEMO_08697	1
DEMO_08698	1
DEMO_08699	1
DEMO_08700	1
DEMO_08701	1
DEMO_08702	1
DEMO_08703	1
DEMO_08704	1
DEMO_08705	1
DEMO_08706	1
DEMO_08707	1
DEMO_08708	1
DEMO_08709	1
DEMO_08710	1
DEMO_08711	1
DEMO_08712	1
DEMO_08713	1
DEMO_08714	1
DEMO_08715	1
DEMO_08716	1
DEMO_08717	1
DEMO_08718	1
DEMO_08719	1
DEMO_08720	1
DEMO_08721	1
DEMO_08722	1
DEMO_08723	1
DEMO_08724	1
DEMO_08725	1
DEMO_08726	1
DEMO_08727	1
DEMO_08728	1
DEMO_08729	1
DEMO_08730	1
DEMO_08731	1
DEMO_08732	1
DEMO_08733	1
DEMO_08734	1
DEMO_08735	1
DEMO_08736	1
DEMO_08737	1
DEMO_08738	1
DEMO_08739	1
DEMO_08740	1
DEMO_08741	1
DEMO_08742	1
DEMO_08743	1
DEMO_08744	1
DEMO_08745	1
DEMO_08746	1
DEMO_08747	1
DEMO_08748	1
DEMO_08749	1
DEMO_08750	1
DEMO_08751	1
DEMO_08752	1
DEMO_08753	1
DEMO_08754	1
DEMO_08755	1
DEMO_08756	1
DEMO_08757	1
DEMO_08758	1
DEMO_08759	1
DEMO_08760	1
DEMO_08761	1
DEMO_08762	1
DEMO_08763	1
DEMO_08764	1
DEMO_08765	1
DEMO_08766	1
DEMO_08767	1
DEMO_08768	1
DEMO_08769	1
DEMO_08770	1
DEMO_08771	1
DEMO_08772	1
DEMO_08773	1
DEMO_08774	1
DEMO_08775	1
DEMO_08776	1
DEMO_08777	1
DEMO_08778	1
DEMO_08779	1
DEMO_08780	1
DEMO_08781	1
DEMO_08782	1
DEMO_08783	1
DEMO_08784	1
DEMO_08785	1
DEMO_08786	1
DEMO_08787	1
DEMO_08788	1
DEMO_08789	1
DEMO_08790	1
DEMO_08791	1
DEMO_08792	1
DEMO_08793	1
DEMO_08794	1
DEMO_08795	1
DEMO_08796	1
DEMO_08797	1
DEMO_08798	1
DEMO_08799	1
DEMO_08800	1
DEMO_08801	1
DEMO_08802	1
DEMO_08803	1
DEMO_08804	1
DEMO_08805	1
DEMO_08806	1
DEMO_08807	1
DEMO_08808	1
DEMO_08809	1
DEMO_08810	1
DEMO_08811	1
DEMO_08812	1
DEMO_08813	1
DEMO_08814	1
DEMO_08815	1
DEMO_08816	1
DEMO_08817	1
DEMO_08818	1
DEMO_08819	1
DEMO_08820	1
DEMO_08821	1
DEMO_08822	1
DEMO_08823	1
DEMO_08824	1
DEMO_08825	1
DEMO_08826	1
DEMO_08827	1
DEMO_08828	1
DEMO_08829	1
DEMO_08830	1
DEMO_08831	1
DEMO_08832	1
DEMO_08833	1
DEMO_08834	1
DEMO_08835	1
DEMO_08836	1
DEMO_08837	1
DEMO_08838	1
DEMO_08839	1
DEMO_08840	1
DEMO_08841	1
DEMO_08842	1
DEMO_08843	1
DEMO_08844	1
DEMO_08845	1
DEMO_08846	1
DEMO_08847	1
DEMO_08848	1
DEMO_08849	1
DEMO_08850	1
DEMO_08851	1
DEMO_08852	1
DEMO_08853	1
DEMO_08854	1
DEMO_08855	1
DEMO_08856	1
DEMO_08857	1
DEMO_08858	1
DEMO_08859	1
DEMO_08860	1
DEMO_08861	1
DEMO_08862	1
DEMO_08863	1
DEMO_08864	1
DEMO_08865	1
DEMO_08866	1
DEMO_08867	1
DEMO_08868	1
DEMO_08869	1
DEMO_08870	1
DEMO_08871	1
DEMO_08872	1
DEMO_08873	1
DEMO_08874	1
DEMO_08875	1
DEMO_08876	1
DEMO_08877	1
DEMO_08878	1
DEMO_08879	1
DEMO_08880	1
DEMO_08881	1
DEMO_08882	1
DEMO_08883	1
DEMO_08884	1
DEMO_08885	1
DEMO_08886	1
DEMO_08887	1
DEMO_08888	1
DEMO_08889	1
DEMO_08890	1
DEMO_08891	1
DEMO_08892	1
DEMO_08893	1
DEMO_08894	1
DEMO_08895	1
DEMO_08896	1
DEMO_08897	1
DEMO_08898	1
DEMO_08899	1
DEMO_08900	1
DEMO_08901	1
DEMO_08902	1
DEMO_08903	1
DEMO_08904	1
DEMO_08905	1
DEMO_08906	1
DEMO_08907	1
DEMO_08908	1
DEMO_08909	1
DEMO_08910	1
DEMO_08911	1
DEMO_08912	1
DEMO_08913	1
DEMO_08914	1
DEMO_08915	1
DEMO_08916	1
DEMO_08917	1
DEMO_08918	1
DEMO_08919	1
DEMO_08920	1
DEMO_08921	1
DEMO_08922	1
DEMO_08923	1
DEMO_08924	1
DEMO_08925	1
DEMO_08926	1
DEMO_08927	1
DEMO_08928	1
DEMO_08929	1
DEMO_08930	1
DEMO_08931	1
DEMO_08932	1
DEMO_08933	1
DEMO_08934	1
DEMO_08935	1
DEMO_08936	1
DEMO_08937	1
DEMO_08938	1
DEMO_08939	1
DEMO_08940	1
DEMO_08941	1
DEMO_08942	1
DEMO_08943	1
DEMO_08944	1
DEMO_08945	1
DEMO_08946	1
DEMO_08947	1
DEMO_08948	1
DEMO_08949	1
DEMO_08950	1
DEMO_08951	1
DEMO_08952	1
DEMO_08953	1
DEMO_08954	1
DEMO_08955	1
DEMO_08956	1
DEMO_08957	1
DEMO_08958	1
DEMO_08959	1
DEMO_08960	1
DEMO_08961	1
DEMO_08962	1
DEMO_08963	1
DEMO_08964	1
DEMO_08965	1
DEMO_08966	1
DEMO_08967	1
DEMO_08968	1
DEMO_08969	1
DEMO_08970	1
DEMO_08971	1
DEMO_08972	1
DEMO_08973	1
DEMO_08974	1
DEMO_08975	1
DEMO_08976	1
DEMO_08977	1
DEMO_08978	1
DEMO_08979	1
DEMO_08980	1
DEMO_08981	1
DEMO_08982	1
DEMO_08983	1
DEMO_08984	1
DEMO_08985	1
DEMO_08986	1
DEMO_08987	1
DEMO_08988	1
DEMO_08989	1
DEMO_08990	1
DEMO_08991	1
DEMO_08992	1
DEMO_08993	1
DEMO_08994	1
DEMO_08995	1
DEMO_08996	1
DEMO_08997	1
DEMO_08998	1
DEMO_08999	1
DEMO_09000	1
DEMO_09001	1
DEMO_09002	1
DEMO_09003	1
DEMO_09004	1
DEMO_09005	1
DEMO_09006	1
DEMO_09007	1
DEMO_09008	1
DEMO_09009	1
DEMO_09010	1
DEMO_09011	1
DEMO_09012	1
DEMO_09013	1
DEMO_09014	1
DEMO_09015	1
DEMO_09016	1
DEMO_09017	1
DEMO_09018	1
DEMO_09019	1
DEMO_09020	1
DEMO_09021	1
DEMO_09022	1
DEMO_09023	1
DEMO_09024	1
DEMO_09025	1
DEMO_09026	1
DEMO_09027	1
DEMO_09028	1
DEMO_09029	1
DEMO_09030	1
DEMO_09031	1
DEMO_09032	1
DEMO_09033	1
DEMO_09034	1
DEMO_09035	1
DEMO_09036	1
DEMO_09037	1
DEMO_09038	1
DEMO_09039	1
DEMO_09040	1
DEMO_09041	1
DEMO_09042	1
DEMO_09043	1
DEMO_09044	1
DEMO_09045	1
DEMO_09046	1
DEMO_09047	1
DEMO_09048	1
DEMO_09049	1
DEMO_09050	1
DEMO_09051	1
DEMO_09052	1
DEMO_09053	1
DEMO_09054	1
DEMO_09055	1
DEMO_09056	1
DEMO_09057	1
DEMO_09058	1
DEMO_09059	1
DEMO_09060	1
DEMO_09061	1
DEMO_09062	1
DEMO_09063	1
DEMO_09064	1
DEMO_09065	1
DEMO_09066	1
DEMO_09067	1
DEMO_09068	1
DEMO_09069	1
DEMO_09070	1
DEMO_09071	1
DEMO_09072	1
DEMO_09073	1
DEMO_09074	1
DEMO_09075	1
DEMO_09076	1
DEMO_09077	1
DEMO_09078	1
DEMO_09079	1
DEMO_09080	1
DEMO_09081	1
DEMO_09082	1
DEMO_09083	1
DEMO_09084	1
DEMO_09085	1
DEMO_09086	1
DEMO_09087	1
DEMO_09088	1
DEMO_09089	1
DEMO_09090	1
DEMO_09091	1
DEMO_09092	1
DEMO_09093	1
DEMO_09094	1
DEMO_09095	1
DEMO_09096	1
DEMO_09097	1
DEMO_09098	1
DEMO_09099	1
DEMO_09100	1
DEMO_09101	1
DEMO_09102	1
DEMO_09103	1
DEMO_09104	1
DEMO_09105	1
DEMO_09106	1
DEMO_09107	1
DEMO_09108	1
DEMO_09109	1
DEMO_09110	1
DEMO_09111	1
DEMO_09112	1
DEMO_09113	1
DEMO_09114	1
DEMO_09115	1
DEMO_09116	1
DEMO_09117	1
DEMO_09118	1
DEMO_09119	1
DEMO_09120	1
DEMO_09121	1
DEMO_09122	1
DEMO_09123	1
DEMO_09124	1
DEMO_09125	1
DEMO_09126	1
DEMO_09127	1
DEMO_09128	1
DEMO_09129	1
DEMO_09130	1
DEMO_09131	1
DEMO_09132	1
DEMO_09133	1
DEMO_09134	1
DEMO_09135	1
DEMO_09136	1
DEMO_09137	1
DEMO_09138	1
DEMO_09139	1
DEMO_09140	1
DEMO_09141	1
DEMO_09142	1
DEMO_09143	1
DEMO_09144	1
DEMO_09145	1
DEMO_09146	1
DEMO_09147	1
DEMO_09148	1
DEMO_09149	1
DEMO_09150	1
DEMO_09151	1
DEMO_09152	1
DEMO_09153	1
DEMO_09154	1
DEMO_09155	1
DEMO_09156	1
DEMO_09157	1
DEMO_09158	1
DEMO_09159	1
DEMO_09160	1
DEMO_09161	1
DEMO_09162	1
DEMO_09163	1
DEMO_09164	1
DEMO_09165	1
DEMO_09166	1
DEMO_09167	1
DEMO_09168	1
DEMO_09169	1
DEMO_09170	1
DEMO_09171	1
DEMO_09172	1
DEMO_09173	1
DEMO_09174	1
DEMO_09175	1
DEMO_09176	1
DEMO_09177	1
DEMO_09178	1
DEMO_09179	1
DEMO_09180	1
DEMO_09181	1
DEMO_09182	1
DEMO_09183	1
DEMO_09184	1
DEMO_09185	1
DEMO_09186	1
DEMO_09187	1
DEMO_09188	1
DEMO_09189	1
DEMO_09190	1
DEMO_09191	1
DEMO_09192	1
DEMO_09193	1
DEMO_09194	1
DEMO_09195	1
DEMO_09196	1
DEMO_09197	1
DEMO_09198	1
DEMO_09199	1
DEMO_09200	1
DEMO_09201	1
DEMO_09202	1
DEMO_09203	1
DEMO_09204	1
DEMO_09205	1
DEMO_09206	1
DEMO_09207	1
DEMO_09208	1
DEMO_09209	1
DEMO_09210	1
DEMO_09211	1
DEMO_09212	1
DEMO_09213	1
DEMO_09214	1
DEMO_09215	1
DEMO_09216	1
DEMO_09217	1
DEMO_09218	1
DEMO_09219	1
DEMO_09220	1
DEMO_09221	1
DEMO_09222	1
DEMO_09223	1
DEMO_09224	1
DEMO_09225	1
DEMO_09226	1
DEMO_09227	1
DEMO_09228	1
DEMO_09229	1
DEMO_09230	1
DEMO_09231	1
DEMO_09232	1
DEMO_09233	1
DEMO_09234	1
DEMO_09235	1
DEMO_09236	1
DEMO_09237	1
DEMO_09238	1
DEMO_09239	1
DEMO_09240	1
DEMO_09241	1
DEMO_09242	1
DEMO_09243	1
DEMO_09244	1
DEMO_09245	1
DEMO_09246	1
DEMO_09247	1
DEMO_09248	1
DEMO_09249	1
DEMO_09250	1
DEMO_09251	1
DEMO_09252	1
DEMO_09253	1
DEMO_09254	1
DEMO_09255	1
DEMO_09256	1
DEMO_09257	1
DEMO_09258	1
DEMO_09259	1
DEMO_09260	1
DEMO_09261	1
DEMO_09262	1
DEMO_09263	1
DEMO_09264	1
DEMO_09265	1
DEMO_09266	1
DEMO_09267	1
DEMO_09268	1
DEMO_09269	1
DEMO_09270	1
DEMO_09271	1
DEMO_09272	1
DEMO_09273	1
DEMO_09274	1
DEMO_09275	1
DEMO_09276	1
DEMO_09277	1
DEMO_09278	1
DEMO_09279	1
DEMO_09280	1
DEMO_09281	1
DEMO_09282	1
DEMO_09283	1
DEMO_09284	1
DEMO_09285	1
DEMO_09286	1
DEMO_09287	1
DEMO_09288	1
DEMO_09289	1
DEMO_09290	1
DEMO_09291	1
DEMO_09292	1
DEMO_09293	1
DEMO_09294	1
DEMO_09295	1
DEMO_09296	1
DEMO_09297	1
DEMO_09298	1
DEMO_09299	1
DEMO_09300	1
DEMO_09301	1
DEMO_09302	1
DEMO_09303	1
DEMO_09304	1
DEMO_09305	1
DEMO_09306	1
DEMO_09307	1
DEMO_09308	1
DEMO_09309	1
DEMO_09310	1
DEMO_09311	1
DEMO_09312	1
DEMO_09313	1
DEMO_09314	1
DEMO_09315	1
DEMO_09316	1
DEMO_09317	1
DEMO_09318	1
DEMO_09319	1
DEMO_09320	1
DEMO_09321	1
DEMO_09322	1
DEMO_09323	1
DEMO_09324	1
DEMO_09325	1
DEMO_09326	1
DEMO_09327	1
DEMO_09328	1
DEMO_09329	1
DEMO_09330	1
DEMO_09331	1
DEMO_09332	1
DEMO_09333	1
DEMO_09334	1
DEMO_09335	1
DEMO_09336	1
DEMO_09337	1
DEMO_09338	1
DEMO_09339	1
DEMO_09340	1
DEMO_09341	1
DEMO_09342	1
DEMO_09343	1
DEMO_09344	1
DEMO_09345	1
DEMO_09346	1
DEMO_09347	1
DEMO_09348	1
DEMO_09349	1
DEMO_09350	1
DEMO_09351	1
DEMO_09352	1
DEMO_09353	1
DEMO_09354	1
DEMO_09355	1
DEMO_09356	1
DEMO_09357	1
DEMO_09358	1
DEMO_09359	1
DEMO_09360	1
DEMO_09361	1
DEMO_09362	1
DEMO_09363	1
DEMO_09364	1
DEMO_09365	1
DEMO_09366	1
DEMO_09367	1
DEMO_09368	1
DEMO_09369	1
DEMO_09370	1
DEMO_09371	1
DEMO_09372	1
DEMO_09373	1
DEMO_09374	1
DEMO_09375	1
DEMO_09376	1
DEMO_09377	1
DEMO_09378	1
DEMO_09379	1
DEMO_09380	1
DEMO_09381	1
DEMO_09382	1
DEMO_09383	1
DEMO_09384	1
DEMO_09385	1
DEMO_09386	1
DEMO_09387	1
DEMO_09388	1
DEMO_09389	1
DEMO_09390	1
DEMO_09391	1
DEMO_09392	1
DEMO_09393	1
DEMO_09394	1
DEMO_09395	1
DEMO_09396	1
DEMO_09397	1
DEMO_09398	1
DEMO_09399	1
DEMO_09400	1
DEMO_09401	1
DEMO_09402	1
DEMO_09403	1
DEMO_09404	1
DEMO_09405	1
DEMO_09406	1
DEMO_09407	1
DEMO_09408	1
DEMO_09409	1
DEMO_09410	1
DEMO_09411	1
DEMO_09412	1
DEMO_09413	1
DEMO_09414	1
DEMO_09415	1
DEMO_09416	1
DEMO_09417	1
DEMO_09418	1
DEMO_09419	1
DEMO_09420	1
DEMO_09421	1
DEMO_09422	1
DEMO_09423	1
DEMO_09424	1
DEMO_09425	1
DEMO_09426	1
DEMO_09427	1
DEMO_09428	1
DEMO_09429	1
DEMO_09430	1
DEMO_09431	1
DEMO_09432	1
DEMO_09433	1
DEMO_09434	1
DEMO_09435	1
DEMO_09436	1
DEMO_09437	1
DEMO_09438	1
DEMO_09439	1
DEMO_09440	1
DEMO_09441	1
DEMO_09442	1
DEMO_09443	1
DEMO_09444	1
DEMO_09445	1
DEMO_09446	1
DEMO_09447	1
DEMO_09448	1
DEMO_09449	1
DEMO_09450	1
DEMO_09451	1
DEMO_09452	1
DEMO_09453	1
DEMO_09454	1
DEMO_09455	1
DEMO_09456	1
DEMO_09457	1
DEMO_09458	1
DEMO_09459	1
DEMO_09460	1
DEMO_09461	1
DEMO_09462	1
DEMO_09463	1
DEMO_09464	1
DEMO_09465	1
DEMO_09466	1
DEMO_09467	1
DEMO_09468	1
DEMO_09469	1
DEMO_09470	1
DEMO_09471	1
DEMO_09472	1
DEMO_09473	1
DEMO_09474	1
DEMO_09475	1
DEMO_09476	1
DEMO_09477	1
DEMO_09478	1
DEMO_09479	1
DEMO_09480	1
DEMO_09481	1
DEMO_09482	1
DEMO_09483	1
DEMO_09484	1
DEMO_09485	1
DEMO_09486	1
DEMO_09487	1
DEMO_09488	1
DEMO_09489	1
DEMO_09490	1
DEMO_09491	1
DEMO_09492	1
DEMO_09493	1
DEMO_09494	1
DEMO_09495	1
DEMO_09496	1
DEMO_09497	1
DEMO_09498	1
DEMO_09499	1
DEMO_09500	1
DEMO_09501	1
DEMO_09502	1
DEMO_09503	1
DEMO_09504	1
DEMO_09505	1
DEMO_09506	1
DEMO_09507	1
DEMO_09508	1
DEMO_09509	1
DEMO_09510	1
DEMO_09511	1
DEMO_09512	1
DEMO_09513	1
DEMO_09514	1
DEMO_09515	1
DEMO_09516	1
DEMO_09517	1
DEMO_09518	1
DEMO_09519	1
DEMO_09520	1
DEMO_09521	1
DEMO_09522	1
DEMO_09523	1
DEMO_09524	1
DEMO_09525	1
DEMO_09526	1
DEMO_09527	1
DEMO_09528	1
DEMO_09529	1
DEMO_09530	1
DEMO_09531	1
DEMO_09532	1
DEMO_09533	1
DEMO_09534	1
DEMO_09535	1
DEMO_09536	1
DEMO_09537	1
DEMO_09538	1
DEMO_09539	1
DEMO_09540	1
DEMO_09541	1
DEMO_09542	1
DEMO_09543	1
DEMO_09544	1
DEMO_09545	1
DEMO_09546	1
DEMO_09547	1
DEMO_09548	1
DEMO_09549	1
DEMO_09550	1
DEMO_09551	1
DEMO_09552	1
DEMO_09553	1
DEMO_09554	1
DEMO_09555	1
DEMO_09556	1
DEMO_09557	1
DEMO_09558	1
DEMO_09559	1
DEMO_09560	1
DEMO_09561	1
DEMO_09562	1
DEMO_09563	1
DEMO_09564	1
DEMO_09565	1
DEMO_09566	1
DEMO_09567	1
DEMO_09568	1
DEMO_09569	1
DEMO_09570	1
DEMO_09571	1
DEMO_09572	1
DEMO_09573	1
DEMO_09574	1
DEMO_09575	1
DEMO_09576	1
DEMO_09577	1
DEMO_09578	1
DEMO_09579	1
DEMO_09580	1
DEMO_09581	1
DEMO_09582	1
DEMO_09583	1
DEMO_09584	1
DEMO_09585	1
DEMO_09586	1
DEMO_09587	1
DEMO_09588	1
DEMO_09589	1
DEMO_09590	1
DEMO_09591	1
DEMO_09592	1
DEMO_09593	1
DEMO_09594	1
DEMO_09595	1
DEMO_09596	1
DEMO_09597	1
DEMO_09598	1
DEMO_09599	1
DEMO_09600	1
DEMO_09601	1
DEMO_09602	1
DEMO_09603	1
DEMO_09604	1
DEMO_09605	1
DEMO_09606	1
DEMO_09607	1
DEMO_09608	1
DEMO_09609	1
DEMO_09610	1
DEMO_09611	1
DEMO_09612	1
DEMO_09613	1
DEMO_09614	1
DEMO_09615	1
DEMO_09616	1
DEMO_09617	1
DEMO_09618	1
DEMO_09619	1
DEMO_09620	1
DEMO_09621	1
DEMO_09622	1
DEMO_09623	1
DEMO_09624	1
DEMO_09625	1
DEMO_09626	1
DEMO_09627	1
DEMO_09628	1
DEMO_09629	1
DEMO_09630	1
DEMO_09631	1
DEMO_09632	1
DEMO_09633	1
DEMO_09634	1
DEMO_09635	1
DEMO_09636	1
DEMO_09637	1
DEMO_09638	1
DEMO_09639	1
DEMO_09640	1
DEMO_09641	1
DEMO_09642	1
DEMO_09643	1
DEMO_09644	1
DEMO_09645	1
DEMO_09646	1
DEMO_09647	1
DEMO_09648	1
DEMO_09649	1
DEMO_09650	1
DEMO_09651	1
DEMO_09652	1
DEMO_09653	1
DEMO_09654	1
DEMO_09655	1
DEMO_09656	1
DEMO_09657	1
DEMO_09658	1
DEMO_09659	1
DEMO_09660	1
DEMO_09661	1
DEMO_09662	1
DEMO_09663	1
DEMO_09664	1
DEMO_09665	1
DEMO_09666	1
DEMO_09667	1
DEMO_09668	1
DEMO_09669	1
DEMO_09670	1
DEMO_09671	1
DEMO_09672	1
DEMO_09673	1
DEMO_09674	1
DEMO_09675	1
DEMO_09676	1
DEMO_09677	1
DEMO_09678	1
DEMO_09679	1
DEMO_09680	1
DEMO_09681	1
DEMO_09682	1
DEMO_09683	1
DEMO_09684	1
DEMO_09685	1
DEMO_09686	1
DEMO_09687	1
DEMO_09688	1
DEMO_09689	1
DEMO_09690	1
DEMO_09691	1
DEMO_09692	1
DEMO_09693	1
DEMO_09694	1
DEMO_09695	1
DEMO_09696	1
DEMO_09697	1
DEMO_09698	1
DEMO_09699	1
DEMO_09700	1
DEMO_09701	1
DEMO_09702	1
DEMO_09703	1
DEMO_09704	1
DEMO_09705	1
DEMO_09706	1
DEMO_09707	1
DEMO_09708	1
DEMO_09709	1
DEMO_09710	1
DEMO_09711	1
DEMO_09712	1
DEMO_09713	1
DEMO_09714	1
DEMO_09715	1
DEMO_09716	1
DEMO_09717	1
DEMO_09718	1
DEMO_09719	1
DEMO_09720	1
DEMO_09721	1
DEMO_09722	1
DEMO_09723	1
DEMO_09724	1
DEMO_09725	1
DEMO_09726	1
DEMO_09727	1
DEMO_09728	1
DEMO_09729	1
DEMO_09730	1
DEMO_09731	1
DEMO_09732	1
DEMO_09733	1
DEMO_09734	1
DEMO_09735	1
DEMO_09736	1
DEMO_09737	1
DEMO_09738	1
DEMO_09739	1
DEMO_09740	1
DEMO_09741	1
DEMO_09742	1
DEMO_09743	1
DEMO_09744	1
DEMO_09745	1
DEMO_09746	1
DEMO_09747	1
DEMO_09748	1
DEMO_09749	1
DEMO_09750	1
DEMO_09751	1
DEMO_09752	1
DEMO_09753	1
DEMO_09754	1
DEMO_09755	1
DEMO_09756	1
DEMO_09757	1
DEMO_09758	1
DEMO_09759	1
DEMO_09760	1
DEMO_09761	1
DEMO_09762	1
DEMO_09763	1
DEMO_09764	1
DEMO_09765	1
DEMO_09766	1
DEMO_09767	1
DEMO_09768	1
DEMO_09769	1
DEMO_09770	1
DEMO_09771	1
DEMO_09772	1
DEMO_09773	1
DEMO_09774	1
DEMO_09775	1
DEMO_09776	1
DEMO_09777	1
DEMO_09778	1
DEMO_09779	1
DEMO_09780	1
DEMO_09781	1
DEMO_09782	1
DEMO_09783	1
DEMO_09784	1
DEMO_09785	1
DEMO_09786	1
DEMO_09787	1
DEMO_09788	1
DEMO_09789	1
DEMO_09790	1
DEMO_09791	1
DEMO_09792	1
DEMO_09793	1
DEMO_09794	1
DEMO_09795	1
DEMO_09796	1
DEMO_09797	1
DEMO_09798	1
DEMO_09799	1
DEMO_09800	1
DEMO_09801	1
DEMO_09802	1
DEMO_09803	1
DEMO_09804	1
DEMO_09805	1
DEMO_09806	1
DEMO_09807	1
DEMO_09808	1
DEMO_09809	1
DEMO_09810	1
DEMO_09811	1
DEMO_09812	1
DEMO_09813	1
DEMO_09814	1
DEMO_09815	1
DEMO_09816	1
DEMO_09817	1
DEMO_09818	1
DEMO_09819	1
DEMO_09820	1
DEMO_09821	1
DEMO_09822	1
DEMO_09823	1
DEMO_09824	1
DEMO_09825	1
DEMO_09826	1
DEMO_09827	1
DEMO_09828	1
DEMO_09829	1
DEMO_09830	1
DEMO_09831	1
DEMO_09832	1
DEMO_09833	1
DEMO_09834	1
DEMO_09835	1
DEMO_09836	1
DEMO_09837	1
DEMO_09838	1
DEMO_09839	1
DEMO_09840	1
DEMO_09841	1
DEMO_09842	1
DEMO_09843	1
DEMO_09844	1
DEMO_09845	1
DEMO_09846	1
DEMO_09847	1
DEMO_09848	1
DEMO_09849	1
DEMO_09850	1
DEMO_09851	1
DEMO_09852	1
DEMO_09853	1
DEMO_09854	1
DEMO_09855	1
DEMO_09856	1
DEMO_09857	1
DEMO_09858	1
DEMO_09859	1
DEMO_09860	1
DEMO_09861	1
DEMO_09862	1
DEMO_09863	1
DEMO_09864	1
DEMO_09865	1
DEMO_09866	1
DEMO_09867	1
DEMO_09868	1
DEMO_09869	1
DEMO_09870	1
DEMO_09871	1
DEMO_09872	1
DEMO_09873	1
DEMO_09874	1
DEMO_09875	1
DEMO_09876	1
DEMO_09877	1
DEMO_09878	1
DEMO_09879	1
DEMO_09880	1
DEMO_09881	1
DEMO_09882	1
DEMO_09883	1
DEMO_09884	1
DEMO_09885	1
DEMO_09886	1
DEMO_09887	1
DEMO_09888	1
DEMO_09889	1
DEMO_09890	1
DEMO_09891	1
DEMO_09892	1
DEMO_09893	1
DEMO_09894	1
DEMO_09895	1
DEMO_09896	1
DEMO_09897	1
DEMO_09898	1
DEMO_09899	1
DEMO_09900	1
DEMO_09901	1
DEMO_09902	1
DEMO_09903	1
DEMO_09904	1
DEMO_09905	1
DEMO_09906	1
DEMO_09907	1
DEMO_09908	1
DEMO_09909	1
DEMO_09910	1
DEMO_09911	1
DEMO_09912	1
DEMO_09913	1
DEMO_09914	1
DEMO_09915	1
DEMO_09916	1
DEMO_09917	1
DEMO_09918	1
DEMO_09919	1
DEMO_09920	1
DEMO_09921	1
DEMO_09922	1
DEMO_09923	1
DEMO_09924	1
DEMO_09925	1
DEMO_09926	1
DEMO_09927	1
DEMO_09928	1
DEMO_09929	1
DEMO_09930	1
DEMO_09931	1
DEMO_09932	1
DEMO_09933	1
DEMO_09934	1
DEMO_09935	1
DEMO_09936	1
DEMO_09937	1
DEMO_09938	1
DEMO_09939	1
DEMO_09940	1
DEMO_09941	1
DEMO_09942	1
DEMO_09943	1
DEMO_09944	1
DEMO_09945	1
DEMO_09946	1
DEMO_09947	1
DEMO_09948	1
DEMO_09949	1
DEMO_09950	1
DEMO_09951	1
DEMO_09952	1
DEMO_09953	1
DEMO_09954	1
DEMO_09955	1
DEMO_09956	1
DEMO_09957	1
DEMO_09958	1
DEMO_09959	1
DEMO_09960	1
DEMO_09961	1
DEMO_09962	1
DEMO_09963	1
DEMO_09964	1
DEMO_09965	1
DEMO_09966	1
DEMO_09967	1
DEMO_09968	1
DEMO_09969	1
DEMO_09970	1
DEMO_09971	1
DEMO_09972	1
DEMO_09973	1
DEMO_09974	1
DEMO_09975	1
DEMO_09976	1
DEMO_09977	1
DEMO_09978	1
DEMO_09979	1
DEMO_09980	1
DEMO_09981	1
DEMO_09982	1
DEMO_09983	1
DEMO_09984	1
DEMO_09985	1
DEMO_09986	1
DEMO_09987	1
DEMO_09988	1
DEMO_09989	1
DEMO_09990	1
DEMO_09991	1
DEMO_09992	1
DEMO_09993	1
DEMO_09994	1
DEMO_09995	1
DEMO_09996	1
DEMO_09997	1
DEMO_09998	1
DEMO_09999	1
DEMO_10000	1
